frame,time_s,frame_path,camera_x,camera_y,camera_z,pan_rad,tilt_rad,pan_deg,tilt_deg,drift_pan_deg,drift_tilt_deg,ms_pan_deg,ms_tilt_deg,jitter_pan_deg,jitter_tilt_deg,microsaccade_active
0,0.0,c:\Users\User\Desktop\Github\activeVision\data\renders\airplane_demo\motion_sequence\frames\frame_00000.png,0.0,-0.25,1.5,1.573748113226203e-05,-5.3662965785768296e-05,0.0009016912490453784,-0.003074661455679461,0.00037719066328017987,-0.0003963145898739057,0.0,0.0,0.0005245005857651986,-0.002678346865805555,False
1,0.001,c:\Users\User\Desktop\Github\activeVision\data\renders\airplane_demo\motion_sequence\frames\frame_00001.png,0.0,-0.25,1.5,-3.589619285233258e-05,-4.906856724188256e-05,-0.002056700351026329,-0.002811421809713757,0.0014619758280086342,0.0035156855455165063,0.0,0.0,-0.003518676179034963,-0.006327107355230263,False
2,0.002,c:\Users\User\Desktop\Github\activeVision\data\renders\airplane_demo\motion_sequence\frames\frame_00002.png,0.0,-0.25,1.5,-2.6211457319002783e-05,-4.520212962833921e-05,-0.0015018058792661514,-0.002589891252707089,-0.0004078475596034226,0.003639663483558237,0.0,0.0,-0.0010939583196627287,-0.0062295547362653265,False
3,0.003,c:\Users\User\Desktop\Github\activeVision\data\renders\airplane_demo\motion_sequence\frames\frame_00003.png,0.0,-0.25,1.5,-9.538170987242298e-06,0.00012600323171362525,-0.0005464969418431134,0.0072194533821996944,-0.002604649623713778,0.002006886534986307,0.0,0.0,0.0020581526818706643,0.005212566847213388,False
4,0.004,c:\Users\User\Desktop\Github\activeVision\data\renders\airplane_demo\motion_sequence\frames\frame_00004.png,0.0,-0.25,1.5,-2.1514730623384206e-05,0.0001854172845744898,-0.0012327032620807817,0.010623627854894407,-0.0029902536125458803,0.006106276946635365,0.0,0.0,0.0017575503504650986,0.004517350908259043,False
5,0.005,c:\Users\User\Desktop\Github\activeVision\data\renders\airplane_demo\motion_sequence\frames\frame_00005.png,0.0,-0.25,1.5,-8.721141225522596e-05,8.686075760236137e-05,-0.004996845847599952,0.004976754815924187,-0.0027082167192632564,0.003875779198573939,0.0,0.0,-0.002288629128336696,0.0011009756173502472,False
6,0.006,c:\Users\User\Desktop\Github\activeVision\data\renders\airplane_demo\motion_sequence\frames\frame_00006.png,0.0,-0.25,1.5,-5.2933102092763005e-05,7.542524289251998e-05,-0.0030328433464504255,0.004321548086490505,-0.005737071269879464,0.0032482524739588,0.0,0.0,0.0027042279234290385,0.0010732956125317045,False
7,0.007,c:\Users\User\Desktop\Github\activeVision\data\renders\airplane_demo\motion_sequence\frames\frame_00007.png,0.0,-0.25,1.5,-1.3108745510331335e-05,0.0001527847678520336,-0.000751075792453052,0.008753922371807586,-0.0046709531427597,0.001286766645703781,0.0,0.0,0.003919877350306648,0.007467155726103804,False
8,0.008,c:\Users\User\Desktop\Github\activeVision\data\renders\airplane_demo\motion_sequence\frames\frame_00008.png,0.0,-0.25,1.5,-7.926574652035135e-05,0.00012480528552604375,-0.004541592735569923,0.007150816121567487,-0.00844814973907206,0.00582853796992097,0.0,0.0,0.003906557003502138,0.0013222781516465177,False
9,0.009000000000000001,c:\Users\User\Desktop\Github\activeVision\data\renders\airplane_demo\motion_sequence\frames\frame_00009.png,0.0,-0.25,1.5,-6.6626867911545715e-06,0.00029283341612226,-0.0003817438333507183,0.016778118844203695,-0.009389918182681345,0.010202600020531846,0.0,0.0,0.009008174349330628,0.006575518823671851,False
10,0.01,c:\Users\User\Desktop\Github\activeVision\data\renders\airplane_demo\motion_sequence\frames\frame_00010.png,0.0,-0.25,1.5,-8.788434886679685e-05,2.3707994915496975e-06,-0.005035402275322799,0.00013583680493755914,-0.008317776950704478,0.006577644123685332,0.0,0.0,0.003282374675381679,-0.006441807318747773,False
11,0.011,c:\Users\User\Desktop\Github\activeVision\data\renders\airplane_demo\motion_sequence\frames\frame_00011.png,0.0,-0.25,1.5,-0.00022781783780363807,7.956471465609357e-05,-0.013053000603944398,0.004558722347956847,-0.007132410770158452,0.007867235208152022,0.0,0.0,-0.005920589833785945,-0.003308512860195175,False
12,0.012,c:\Users\User\Desktop\Github\activeVision\data\renders\airplane_demo\motion_sequence\frames\frame_00012.png,0.0,-0.25,1.5,-0.00019061212268357787,0.00010476648861656295,-0.010921270153798875,0.00600267763213444,-0.008441716511588116,0.004357829484833429,0.0,0.0,-0.0024795536422107596,0.0016448481473010106,False
13,0.013000000000000001,c:\Users\User\Desktop\Github\activeVision\data\renders\airplane_demo\motion_sequence\frames\frame_00013.png,0.0,-0.25,1.5,-0.00010560413149634807,-3.3323593783334574e-05,-0.006050671033885312,-0.0019093012819934585,-0.009217434148009889,0.009108248121239795,0.0,0.0,0.0031667631141245765,-0.011017549403233254,False
14,0.014,c:\Users\User\Desktop\Github\activeVision\data\renders\airplane_demo\motion_sequence\frames\frame_00014.png,0.0,-0.25,1.5,-0.0002120729057537969,0.0003537671305367775,-0.012150882448768234,0.020269363510211018,-0.00906134722523023,0.0111593066935694,0.0,0.0,-0.0030895352235380045,0.009110056816641617,False
15,0.015,c:\Users\User\Desktop\Github\activeVision\data\renders\airplane_demo\motion_sequence\frames\frame_00015.png,0.0,-0.25,1.5,-0.00022300712504009308,0.0003348708353286149,-0.012777367066143554,0.01918668554635002,-0.013022640135270111,0.009174722628123742,0.0,0.0,0.0002452730691265583,0.010011962918226277,False
16,0.016,c:\Users\User\Desktop\Github\activeVision\data\renders\airplane_demo\motion_sequence\frames\frame_00016.png,0.0,-0.25,1.5,-0.00031263756768923383,1.547652432953728e-05,-0.017912813145828693,0.0008867395256140221,-0.012457082557732714,0.0072751403575470625,0.0,0.0,-0.005455730588095977,-0.0063884008319330405,False
17,0.017,c:\Users\User\Desktop\Github\activeVision\data\renders\airplane_demo\motion_sequence\frames\frame_00017.png,0.0,-0.25,1.5,-0.00025026061541677226,0.0003048073558893855,-0.014338877041727675,0.017464175057003845,-0.010565848085428018,0.00901863779478548,0.0,0.0,-0.0037730289562996557,0.008445537262218366,False
18,0.018000000000000002,c:\Users\User\Desktop\Github\activeVision\data\renders\airplane_demo\motion_sequence\frames\frame_00018.png,0.0,-0.25,1.5,-0.0002636394477732234,0.0002616386340583731,-0.01510542767056539,0.014990789489112576,-0.011428011208854017,0.013741862631319242,0.0,0.0,-0.003677416461711375,0.0012489268577933342,False
19,0.019,c:\Users\User\Desktop\Github\activeVision\data\renders\airplane_demo\motion_sequence\frames\frame_00019.png,0.0,-0.25,1.5,-0.00026249316533331966,0.00012596547857822953,-0.015039750524628947,0.0072172902868781336,-0.0083336519542456,0.014224891361465274,0.0,0.0,-0.006706098570383346,-0.007007601074587141,False
20,0.02,c:\Users\User\Desktop\Github\activeVision\data\renders\airplane_demo\motion_sequence\frames\frame_00020.png,0.0,-0.25,1.5,-0.00021288527356501264,0.0003762797435980186,-0.012197427695763177,0.021559241224431223,-0.006825603404621003,0.01719403046132269,0.0,0.0,-0.005371824291142174,0.004365210763108533,False
21,0.021,c:\Users\User\Desktop\Github\activeVision\data\renders\airplane_demo\motion_sequence\frames\frame_00021.png,0.0,-0.25,1.5,-0.00038253238358740315,0.0002964733931248434,-0.021917491106637682,0.016986674163976402,-0.010666785238764721,0.015054826176144873,0.0,0.0,-0.01125070586787296,0.0019318479878315292,False
22,0.022,c:\Users\User\Desktop\Github\activeVision\data\renders\airplane_demo\motion_sequence\frames\frame_00022.png,0.0,-0.25,1.5,-0.00019898735770180448,0.0003290560860212843,-0.011401135772773434,0.018853524952113357,-0.012411707747993233,0.015382665268578316,0.0,0.0,0.0010105719752197993,0.003470859683535041,False
23,0.023,c:\Users\User\Desktop\Github\activeVision\data\renders\airplane_demo\motion_sequence\frames\frame_00023.png,0.0,-0.25,1.5,-0.00018270374848084457,0.0004445341604132232,-0.01046815368917212,0.025469931241069204,-0.01468681700068846,0.019645611335514065,0.0,0.0,0.004218663311516341,0.005824319905555141,False
24,0.024,c:\Users\User\Desktop\Github\activeVision\data\renders\airplane_demo\motion_sequence\frames\frame_00024.png,0.0,-0.25,1.5,-0.00033960479734945737,0.0003752915495661436,-0.019457921590519515,0.02150262187706477,-0.012324052335570851,0.02217784737724984,0.0,0.0,-0.007133869254948662,-0.0006752255001850697,False
25,0.025,c:\Users\User\Desktop\Github\activeVision\data\renders\airplane_demo\motion_sequence\frames\frame_00025.png,0.0,-0.25,1.5,-0.00030500228246042177,0.00022271448246432633,-0.01747534352683918,0.012760599881646281,-0.01463259625610097,0.017909622071703598,0.0,0.0,-0.0028427472707382127,-0.0051490221900573185,False
26,0.026000000000000002,c:\Users\User\Desktop\Github\activeVision\data\renders\airplane_demo\motion_sequence\frames\frame_00026.png,0.0,-0.25,1.5,-0.00019459220630615174,0.00032542187446725636,-0.011149312147481497,0.018645299968209874,-0.017761599496315665,0.018714873310830344,0.0,0.0,0.006612287348834167,-6.957334262046868e-05,False
27,0.027,c:\Users\User\Desktop\Github\activeVision\data\renders\airplane_demo\motion_sequence\frames\frame_00027.png,0.0,-0.25,1.5,-0.0004618594942760116,0.0005072814548326128,-0.026462599750062068,0.029065086387165012,-0.014636080218677197,0.02292166779114791,0.0,0.0,-0.011826519531384872,0.006143418596017106,False
28,0.028,c:\Users\User\Desktop\Github\activeVision\data\renders\airplane_demo\motion_sequence\frames\frame_00028.png,0.0,-0.25,1.5,-0.00020426346394161938,0.0004501213382581037,-0.011703434392577466,0.025790052950969856,-0.01361722019393127,0.024192981849707952,0.0,0.0,0.0019137858013538048,0.0015970711012619047,False
29,0.029,c:\Users\User\Desktop\Github\activeVision\data\renders\airplane_demo\motion_sequence\frames\frame_00029.png,0.0,-0.25,1.5,-0.00032659681954196767,0.0004169398378080335,-0.018712619362150514,0.023888893017269392,-0.014693960119547133,0.018488075954579967,0.0,0.0,-0.0040186592426033835,0.005400817062689426,False
30,0.03,c:\Users\User\Desktop\Github\activeVision\data\renders\airplane_demo\motion_sequence\frames\frame_00030.png,0.0,-0.25,1.5,-0.00031613797963754174,0.00032604210769490754,-0.0181133719770239,0.018680836714468064,-0.015560259637533266,0.018738502022900998,0.0,0.0,-0.002553112339490634,-5.766530843293389e-05,False
31,0.031,c:\Users\User\Desktop\Github\activeVision\data\renders\airplane_demo\motion_sequence\frames\frame_00031.png,0.0,-0.25,1.5,-0.00045282539893581625,0.00013350709430612378,-0.025944984215350072,0.007649393038795956,-0.0200163851903239,0.019640557365784815,0.0,0.0,-0.005928599025026169,-0.011991164326988858,False
32,0.032,c:\Users\User\Desktop\Github\activeVision\data\renders\airplane_demo\motion_sequence\frames\frame_00032.png,0.0,-0.25,1.5,-0.00034309685818061336,0.000485728358875126,-0.019658001937947697,0.027830184953360544,-0.018477228788682985,0.01874780524895482,0.0,0.0,-0.0011807731492647102,0.009082379704405721,False
33,0.033,c:\Users\User\Desktop\Github\activeVision\data\renders\airplane_demo\motion_sequence\frames\frame_00033.png,0.0,-0.25,1.5,-0.00018133859862590903,0.0004118122339142704,-0.010389936364081417,0.02359510295514192,-0.018626631695861918,0.01900766303792045,0.0,0.0,0.0082366953317805,0.004587439917221471,False
34,0.034,c:\Users\User\Desktop\Github\activeVision\data\renders\airplane_demo\motion_sequence\frames\frame_00034.png,0.0,-0.25,1.5,-0.00023686025453717138,0.00038775328322006346,-0.013571092919374328,0.02221662662085052,-0.01542582709484638,0.019150681231555486,0.0,0.0,0.0018547341754720512,0.0030659453892950316,False
35,0.035,c:\Users\User\Desktop\Github\activeVision\data\renders\airplane_demo\motion_sequence\frames\frame_00035.png,0.0,-0.25,1.5,-0.0004460573600763093,0.00023613142444550006,-0.025557204153119788,0.013529334031139428,-0.01588240597007125,0.014729017387429608,0.0,0.0,-0.009674798183048536,-0.0011996833562901803,False
36,0.036000000000000004,c:\Users\User\Desktop\Github\activeVision\data\renders\airplane_demo\motion_sequence\frames\frame_00036.png,0.0,-0.25,1.5,-0.0003053911141626557,0.00016434186630342838,-0.017497621942318072,0.009416095336489686,-0.01649597343527023,0.011600436964476095,0.0,0.0,-0.0010016485070478418,-0.002184341627986408,False
37,0.037,c:\Users\User\Desktop\Github\activeVision\data\renders\airplane_demo\motion_sequence\frames\frame_00037.png,0.0,-0.25,1.5,-0.00023001995912092516,0.00013611883763354517,-0.013179172861400737,0.0077990349086286565,-0.014936448242337306,0.010170699842800853,0.0,0.0,0.0017572753809365694,-0.0023716649341721965,False
38,0.038,c:\Users\User\Desktop\Github\activeVision\data\renders\airplane_demo\motion_sequence\frames\frame_00038.png,0.0,-0.25,1.5,-0.0003669077140498742,8.433107926555898e-05,-0.02102226348585065,0.004831814923699736,-0.02076924317029394,0.00624744025209741,0.0,0.0,-0.000253020315556712,-0.0014156253283976739,False
39,0.039,c:\Users\User\Desktop\Github\activeVision\data\renders\airplane_demo\motion_sequence\frames\frame_00039.png,0.0,-0.25,1.5,-0.0003176922779661653,9.304662529837736e-05,-0.018202426711358268,0.005331178927532217,-0.015839488327565848,0.0023994925198757146,0.0,0.0,-0.0023629383837924208,0.002931686407656502,False
40,0.04,c:\Users\User\Desktop\Github\activeVision\data\renders\airplane_demo\motion_sequence\frames\frame_00040.png,0.0,-0.25,1.5,-0.00024754610239922166,8.010949158237252e-05,-0.014183346902388703,0.00458993576660874,-0.017830093922477988,0.00055923897403363,0.0,0.0,0.003646747020089283,0.00403069679257511,False
41,0.041,c:\Users\User\Desktop\Github\activeVision\data\renders\airplane_demo\motion_sequence\frames\frame_00041.png,0.0,-0.25,1.5,-0.00037731033807559747,0.00013856192623153718,-0.021618289938385982,0.007939013574270131,-0.01925922416468147,0.0010492588106575259,0.0,0.0,-0.0023590657737045106,0.006889754763612606,False
42,0.042,c:\Users\User\Desktop\Github\activeVision\data\renders\airplane_demo\motion_sequence\frames\frame_00042.png,0.0,-0.25,1.5,-0.00027839066008721524,0.00012222226822624393,-0.015950609878858532,0.00700282013187968,-0.01885203196248007,0.007980349271045191,0.0,0.0,0.002901422083621538,-0.000977529139165512,False
43,0.043000000000000003,c:\Users\User\Desktop\Github\activeVision\data\renders\airplane_demo\motion_sequence\frames\frame_00043.png,0.0,-0.25,1.5,-0.0003751177211699667,0.0004064679647476628,-0.021492662243604306,0.023288898887313406,-0.01715457842199579,0.007958715192068921,0.0,0.0,-0.004338083821608513,0.015330183695244484,False
44,0.044,c:\Users\User\Desktop\Github\activeVision\data\renders\airplane_demo\motion_sequence\frames\frame_00044.png,0.0,-0.25,1.5,-0.00024428352462422924,-1.0320289724298849e-05,-0.013996414965548454,-0.000591309044554556,-0.01738661360116844,0.001908733121369185,0.0,0.0,0.0033901986356199855,-0.002500042165923741,False
45,0.045,c:\Users\User\Desktop\Github\activeVision\data\renders\airplane_demo\motion_sequence\frames\frame_00045.png,0.0,-0.25,1.5,-0.0002734294714328093,-1.886301157884548e-06,-0.015666354707592884,-0.00010807709523742495,-0.013305274993712667,0.0049159279399010585,0.0,0.0,-0.002361079713880217,-0.005024005035138483,False
46,0.046,c:\Users\User\Desktop\Github\activeVision\data\renders\airplane_demo\motion_sequence\frames\frame_00046.png,0.0,-0.25,1.5,-0.00013005618822798095,-0.00010095318855752335,-0.007451670685022329,-0.005784191632734483,-0.01540517462065264,0.0004964987159041821,0.0,0.0,0.00795350393563031,-0.006280690348638665,False
47,0.047,c:\Users\User\Desktop\Github\activeVision\data\renders\airplane_demo\motion_sequence\frames\frame_00047.png,0.0,-0.25,1.5,-0.0006018228191878469,-0.00018361617082308902,-0.034481907554128485,-0.010520431638516167,-0.018950223547712027,-0.004809036855356569,0.0,0.0,-0.015531684006416458,-0.005711394783159599,False
48,0.048,c:\Users\User\Desktop\Github\activeVision\data\renders\airplane_demo\motion_sequence\frames\frame_00048.png,0.0,-0.25,1.5,-0.00030550806387971257,5.161430852931177e-05,-0.01750432266752068,0.0029572820412156514,-0.015059477348310455,-0.005846054443749964,0.0,0.0,-0.002444845319210225,0.008803336484965615,False
49,0.049,c:\Users\User\Desktop\Github\activeVision\data\renders\airplane_demo\motion_sequence\frames\frame_00049.png,0.0,-0.25,1.5,-0.0002807219452703944,-0.00022860633331326586,-0.016084182680696082,-0.013098178068811087,-0.014461823399268886,-0.006992061320180406,0.0,0.0,-0.001622359281427196,-0.006106116748630681,False
50,0.05,c:\Users\User\Desktop\Github\activeVision\data\renders\airplane_demo\motion_sequence\frames\frame_00050.png,0.0,-0.25,1.5,-0.00032226218358128236,-5.384308939810767e-05,-0.018464263015877613,-0.0030849817784571573,-0.013856093393388556,-0.007108566435854646,0.0,0.0,-0.0046081696224890565,0.004023584657397488,False
51,0.051000000000000004,c:\Users\User\Desktop\Github\activeVision\data\renders\airplane_demo\motion_sequence\frames\frame_00051.png,0.0,-0.25,1.5,-0.0002696814302423324,4.5682458285533045e-05,-0.015451607765937368,0.002617412057543482,-0.01129784798166568,-0.009111628311659856,0.0,0.0,-0.0041537597842716874,0.01172904036920334,False
52,0.052000000000000005,c:\Users\User\Desktop\Github\activeVision\data\renders\airplane_demo\motion_sequence\frames\frame_00052.png,0.0,-0.25,1.5,-0.0002642580862507497,-0.00018326361671635878,-0.015140873044372047,-0.010500231776150521,-0.013410266668506182,-0.010470851642666,0.0,0.0,-0.0017306063758658673,-2.9380133484521125e-05,False
53,0.053,c:\Users\User\Desktop\Github\activeVision\data\renders\airplane_demo\motion_sequence\frames\frame_00053.png,0.0,-0.25,1.5,-0.0003174639781345355,-0.0002869203081693005,-0.01818934609454233,-0.016439322714693873,-0.01110689926247212,-0.012302311580863097,0.0,0.0,-0.007082446832070211,-0.004137011133830777,False
54,0.054,c:\Users\User\Desktop\Github\activeVision\data\renders\airplane_demo\motion_sequence\frames\frame_00054.png,0.0,-0.25,1.5,-0.00016626814184647843,-0.0002453321392645943,-0.009526462795285724,-0.014056496158777,-0.0028394765876442675,-0.00917858200577871,0.0,0.0,-0.006686986207641457,-0.004877914152998291,False
55,0.055,c:\Users\User\Desktop\Github\activeVision\data\renders\airplane_demo\motion_sequence\frames\frame_00055.png,0.0,-0.25,1.5,-0.00016296874881930327,-3.425219328782861e-05,-0.009337421499873695,-0.0019625061144589065,-0.0029045491661854727,-0.009074398640701139,0.0,0.0,-0.006432872333688221,0.007111892526242233,False
56,0.056,c:\Users\User\Desktop\Github\activeVision\data\renders\airplane_demo\motion_sequence\frames\frame_00056.png,0.0,-0.25,1.5,-7.325400131732562e-05,-0.0004342087696670581,-0.004197145107928531,-0.02487832992949051,-0.0015494928123001848,-0.010198102699404944,0.0,0.0,-0.002647652295628346,-0.014680227230085564,False
57,0.057,c:\Users\User\Desktop\Github\activeVision\data\renders\airplane_demo\motion_sequence\frames\frame_00057.png,0.0,-0.25,1.5,-7.686114745971217e-05,-0.00017013866357660687,-0.004403819357974176,-0.009748227354935758,-0.001202507331022307,-0.013409735928492244,0.0,0.0,-0.0032013120269518696,0.0036615085735564865,False
58,0.058,c:\Users\User\Desktop\Github\activeVision\data\renders\airplane_demo\motion_sequence\frames\frame_00058.png,0.0,-0.25,1.5,-1.644545621082714e-05,-0.0003928255979368716,-0.0009422552330476022,-0.022507248846485722,-0.0047140997562453565,-0.01771258030751461,0.0,0.0,0.003771844523197755,-0.00479466853897111,False
59,0.059000000000000004,c:\Users\User\Desktop\Github\activeVision\data\renders\airplane_demo\motion_sequence\frames\frame_00059.png,0.0,-0.25,1.5,-0.0001628690316110185,-0.0002517289314243729,-0.00933170812469415,-0.01442300535195469,-0.0030269067243664793,-0.018587477598758867,0.0,0.0,-0.006304801400327671,0.004164472246804177,False
60,0.06,c:\Users\User\Desktop\Github\activeVision\data\renders\airplane_demo\motion_sequence\frames\frame_00060.png,0.0,-0.25,1.5,-0.0003190201058082669,-0.0002683113708756765,-0.018278505642630654,-0.015373109146545619,0.0005828701379830145,-0.016676257891880316,0.0,0.0,-0.01886137578061367,0.0013031487453346992,False
61,0.061,c:\Users\User\Desktop\Github\activeVision\data\renders\airplane_demo\motion_sequence\frames\frame_00061.png,0.0,-0.25,1.5,1.3672194865492483e-05,-0.00026279086373787327,0.0007833590624731536,-0.015056807386777648,0.000506534187905384,-0.017117394412419315,0.0,0.0,0.0002768248745677695,0.0020605870256416685,False
62,0.062,c:\Users\User\Desktop\Github\activeVision\data\renders\airplane_demo\motion_sequence\frames\frame_00062.png,0.0,-0.25,1.5,-0.00010143270376023321,-0.00023311648704211867,-0.005811665830062119,-0.013356590842429544,-0.00028483029371649104,-0.018507366831548928,0.0,0.0,-0.0055268355363456275,0.005150775989119384,False
63,0.063,c:\Users\User\Desktop\Github\activeVision\data\renders\airplane_demo\motion_sequence\frames\frame_00063.png,0.0,-0.25,1.5,-7.599793481458216e-05,-0.00030621733964441444,-0.0043543609165859025,-0.01754496117534901,0.000245607097475083,-0.020920283767396207,0.0,0.0,-0.004599968014060985,0.0033753225920471973,False
64,0.064,c:\Users\User\Desktop\Github\activeVision\data\renders\airplane_demo\motion_sequence\frames\frame_00064.png,0.0,-0.25,1.5,4.883244236607355e-05,-0.00031073395649641126,0.00279789285089185,-0.017803744258646094,0.0012893123833864976,-0.022590672292855753,0.0,0.0,0.0015085804675053528,0.004786928034209659,False
65,0.065,c:\Users\User\Desktop\Github\activeVision\data\renders\airplane_demo\motion_sequence\frames\frame_00065.png,0.0,-0.25,1.5,2.243881445045071e-05,-0.00039779595531905503,0.0012856493652879893,-0.022792029347156524,0.0009478033352408532,-0.02133561479018808,0.0,0.0,0.00033784603004713616,-0.0014564145569684426,False
66,0.066,c:\Users\User\Desktop\Github\activeVision\data\renders\airplane_demo\motion_sequence\frames\frame_00066.png,0.0,-0.25,1.5,1.187290515864078e-05,-0.00042013377242824685,0.0006802673561492198,-0.024071891991048335,0.001829929764165794,-0.025864932329295265,0.0,0.0,-0.001149662408016574,0.001793040338246926,False
67,0.067,c:\Users\User\Desktop\Github\activeVision\data\renders\airplane_demo\motion_sequence\frames\frame_00067.png,0.0,-0.25,1.5,0.00011789300192114784,-0.0005833164673451787,0.006754771444209478,-0.03342157169935944,0.0008089993817671667,-0.024903848761172954,0.0,0.0,0.005945772062442311,-0.00851772293818649,False
68,0.068,c:\Users\User\Desktop\Github\activeVision\data\renders\airplane_demo\motion_sequence\frames\frame_00068.png,0.0,-0.25,1.5,-1.6023615724097304e-05,-0.0004439488046958432,-0.000918085553530238,-0.02543639282894948,-0.002308717062570392,-0.02419685055255405,0.0,0.0,0.001390631509040154,-0.0012395422763954308,False
69,0.069,c:\Users\User\Desktop\Github\activeVision\data\renders\airplane_demo\motion_sequence\frames\frame_00069.png,0.0,-0.25,1.5,-8.119095701150689e-05,-0.0002847999880239279,-0.004651899171387444,-0.016317837319147457,-0.006583987492300186,-0.024770680545844446,0.0,0.0,0.0019320883209127417,0.008452843226696986,False
70,0.07,c:\Users\User\Desktop\Github\activeVision\data\renders\airplane_demo\motion_sequence\frames\frame_00070.png,0.0,-0.25,1.5,-0.00011680897374733635,-0.0005891403874947551,-0.006692661204976805,-0.03375525774415137,-0.004717611827482839,-0.029357959170629788,0.0,0.0,-0.0019750493774939658,-0.004397298573521584,False
71,0.07100000000000001,c:\Users\User\Desktop\Github\activeVision\data\renders\airplane_demo\motion_sequence\frames\frame_00071.png,0.0,-0.25,1.5,1.397635358589029e-05,-0.00044126779955702146,0.0008007860734540475,-0.025282782549642106,-0.0002931438712221091,-0.02950722645152069,0.0,0.0,0.0010939299446761565,0.004224443901878581,False
72,0.07200000000000001,c:\Users\User\Desktop\Github\activeVision\data\renders\airplane_demo\motion_sequence\frames\frame_00072.png,0.0,-0.25,1.5,0.0001295238976617902,-0.0006200952192932882,0.007421172682104971,-0.03552883896174467,0.002686864742126842,-0.03363283365167891,0.0,0.0,0.004734307939978128,-0.0018960053100657564,False
73,0.073,c:\Users\User\Desktop\Github\activeVision\data\renders\airplane_demo\motion_sequence\frames\frame_00073.png,0.0,-0.25,1.5,-5.252038298385402e-05,-0.0007044889015109704,-0.0030091962833855407,-0.04036424077038613,0.00023088518756259415,-0.03653987094395353,0.0,0.0,-0.0032400814709481348,-0.0038243698264326027,False
74,0.074,c:\Users\User\Desktop\Github\activeVision\data\renders\airplane_demo\motion_sequence\frames\frame_00074.png,0.0,-0.25,1.5,0.0001105820784211112,-0.0004993260589885832,0.006335886383314366,-0.028609275780946204,0.002664648402387501,-0.035446168912474554,0.0,0.0,0.003671237980926865,0.006836893131528355,False
75,0.075,c:\Users\User\Desktop\Github\activeVision\data\renders\airplane_demo\motion_sequence\frames\frame_00075.png,0.0,-0.25,1.5,5.1938595108813516e-05,-0.0006304574366505214,0.002975862293573835,-0.03612255028271134,-0.0006188405355014369,-0.0372560445649013,0.0,0.0,0.003594702829075272,0.0011334942821899614,False
76,0.076,c:\Users\User\Desktop\Github\activeVision\data\renders\airplane_demo\motion_sequence\frames\frame_00076.png,0.0,-0.25,1.5,-2.5553605721975647e-05,-0.0006965252870932007,-0.0014641137592105555,-0.039907959274578395,0.0028684230271739356,-0.04052067975225859,0.0,0.0,-0.004332536786384491,0.0006127204776802005,False
77,0.077,c:\Users\User\Desktop\Github\activeVision\data\renders\airplane_demo\motion_sequence\frames\frame_00077.png,0.0,-0.25,1.5,-4.576223664933669e-05,-0.0008204141861053607,-0.00262198302108589,-0.047006270316497636,0.0004801627018886237,-0.04198233422153266,0.0,0.0,-0.0031021457229745138,-0.005023936094964971,False
78,0.078,c:\Users\User\Desktop\Github\activeVision\data\renders\airplane_demo\motion_sequence\frames\frame_00078.png,0.0,-0.25,1.5,9.533552844801607e-06,-0.0007418142181037598,0.0005462323417720716,-0.042502823880142586,0.0015825613191254625,-0.039597661017583004,0.0,0.0,-0.001036328977353391,-0.002905162862559577,False
79,0.079,c:\Users\User\Desktop\Github\activeVision\data\renders\airplane_demo\motion_sequence\frames\frame_00079.png,0.0,-0.25,1.5,-4.01608152765989e-05,-0.0006548122867731234,-0.0023010452171536386,-0.037517980405410115,0.00317631496603403,-0.03933049290136535,0.0,0.0,-0.005477360183187669,0.0018125124959552383,False
80,0.08,c:\Users\User\Desktop\Github\activeVision\data\renders\airplane_demo\motion_sequence\frames\frame_00080.png,0.0,-0.25,1.5,-4.68502933861864e-05,-0.0005204187553445041,-0.002684324079978155,-0.02981779826069144,0.004508289164974037,-0.04041181341433804,0.0,0.0,-0.007192613244952193,0.010594015153646606,False
81,0.081,c:\Users\User\Desktop\Github\activeVision\data\renders\airplane_demo\motion_sequence\frames\frame_00081.png,0.0,-0.25,1.5,0.00010884869730848993,-0.0006907360734424017,0.006236570961273477,-0.03957626176568809,0.0004821558051147129,-0.03765239163264308,0.0,0.0,0.005754415156158764,-0.0019238701330450117,False
82,0.082,c:\Users\User\Desktop\Github\activeVision\data\renders\airplane_demo\motion_sequence\frames\frame_00082.png,0.0,-0.25,1.5,-1.1350098203390344e-05,-0.0009133007589764006,-0.000650312724113285,-0.05232827891544259,0.0009574245266013469,-0.03749236036552287,0.0,0.0,-0.0016077372507146317,-0.01483591854991972,False
83,0.083,c:\Users\User\Desktop\Github\activeVision\data\renders\airplane_demo\motion_sequence\frames\frame_00083.png,0.0,-0.25,1.5,4.4093167672763646e-05,-0.0005561419826587412,0.002526352413012035,-0.031864588416383684,-0.0013227518435919546,-0.03694122339625603,0.0,0.0,0.0038491042566039897,0.005076634979872343,False
84,0.084,c:\Users\User\Desktop\Github\activeVision\data\renders\airplane_demo\motion_sequence\frames\frame_00084.png,0.0,-0.25,1.5,-6.728909056282186e-05,-0.0006019524356327004,-0.00385538089652327,-0.03448933402937408,-0.0017660672732913835,-0.04141015957940356,0.0,0.0,-0.002089313623231886,0.006920825550029484,False
85,0.085,c:\Users\User\Desktop\Github\activeVision\data\renders\airplane_demo\motion_sequence\frames\frame_00085.png,0.0,-0.25,1.5,-4.560267364450346e-06,-0.0008376416551473606,-0.0002612840734342521,-0.047993331584296514,0.0014830932270290702,-0.04230773298220463,0.0,0.0,-0.0017443773004633223,-0.005685598602091878,False
86,0.08600000000000001,c:\Users\User\Desktop\Github\activeVision\data\renders\airplane_demo\motion_sequence\frames\frame_00086.png,0.0,-0.25,1.5,0.00018799985629017966,-0.0007602106695939495,0.010771598314493296,-0.04355686290854761,0.0010154729257760536,-0.03907423183568732,0.0,0.0,0.009756125388717243,-0.004482631072860283,False
87,0.08700000000000001,c:\Users\User\Desktop\Github\activeVision\data\renders\airplane_demo\motion_sequence\frames\frame_00087.png,0.0,-0.25,1.5,0.00016199107032638138,-0.0007843481498869855,0.009281404648508561,-0.04493983865741876,0.003878739754919775,-0.03744084471307779,0.0,0.0,0.005402664893588786,-0.007498993944340975,False
88,0.088,c:\Users\User\Desktop\Github\activeVision\data\renders\airplane_demo\motion_sequence\frames\frame_00088.png,0.0,-0.25,1.5,0.0002041568411378172,-0.0005643068653007827,0.01169732535591975,-0.03233240173199229,0.007951455115719343,-0.03763189679998852,0.0,0.0,0.0037458702402004065,0.0052994950679962185,False
89,0.089,c:\Users\User\Desktop\Github\activeVision\data\renders\airplane_demo\motion_sequence\frames\frame_00089.png,0.0,-0.25,1.5,0.0002910925501220218,-0.0005992187437627401,0.016678374569692227,-0.03433270502273613,0.010260841407590194,-0.03163338533685356,0.0,0.0,0.00641753316210203,-0.002699319685882574,False
90,0.09,c:\Users\User\Desktop\Github\activeVision\data\renders\airplane_demo\motion_sequence\frames\frame_00090.png,0.0,-0.25,1.5,0.00021098567830606576,-0.0004854443729638656,0.01208858890464246,-0.027813913759204143,0.010580412738776282,-0.02994443758987699,0.0,0.0,0.0015081761658661793,0.002130523830672843,False
91,0.091,c:\Users\User\Desktop\Github\activeVision\data\renders\airplane_demo\motion_sequence\frames\frame_00091.png,0.0,-0.25,1.5,0.00015658336996165066,-0.0006057675833692702,0.008971566240738135,-0.03470792589289842,0.013113144491820886,-0.03024926426218706,0.0,0.0,-0.0041415782510827535,-0.0044586616307113565,False
92,0.092,c:\Users\User\Desktop\Github\activeVision\data\renders\airplane_demo\motion_sequence\frames\frame_00092.png,0.0,-0.25,1.5,0.00017704059580566479,-0.0007015118671387119,0.010143678942146097,-0.040193669265390336,0.016630498173859858,-0.03050282872619442,0.0,0.0,-0.006486819231713761,-0.009690840539195915,False
93,0.093,c:\Users\User\Desktop\Github\activeVision\data\renders\airplane_demo\motion_sequence\frames\frame_00093.png,0.0,-0.25,1.5,0.0002643024957302955,-0.0005423400962259469,0.015143417520120394,-0.031073798574465704,0.013483224480859967,-0.027062947823665907,0.0,0.0,0.0016601930392604258,-0.004010850750799799,False
94,0.094,c:\Users\User\Desktop\Github\activeVision\data\renders\airplane_demo\motion_sequence\frames\frame_00094.png,0.0,-0.25,1.5,9.782000949236955e-06,-0.0005627964479567122,0.0005604673695842426,-0.03224586119287369,0.013090816556162404,-0.027956229263062706,0.0,0.0,-0.01253034918657816,-0.0042896319298109855,False
95,0.095,c:\Users\User\Desktop\Github\activeVision\data\renders\airplane_demo\motion_sequence\frames\frame_00095.png,0.0,-0.25,1.5,0.0003407743384653946,-0.0004428856829084536,0.019524931360429737,-0.025375480437423648,0.012520489929115699,-0.02340694589362642,0.0,0.0,0.007004441431314039,-0.0019685345437972304,False
96,0.096,c:\Users\User\Desktop\Github\activeVision\data\renders\airplane_demo\motion_sequence\frames\frame_00096.png,0.0,-0.25,1.5,0.00025303613311969414,-0.00045878450314111883,0.014497902492068943,-0.02628641573599257,0.011762424185372275,-0.03510521108378944,0.0,0.0,0.002735478306696669,0.00881879534779687,False
97,0.097,c:\Users\User\Desktop\Github\activeVision\data\renders\airplane_demo\motion_sequence\frames\frame_00097.png,0.0,-0.25,1.5,7.715847948945297e-05,-0.0006700020276383168,0.004420855228392382,-0.03838828844888309,0.010302140552993787,-0.034822748615198296,0.0,0.0,-0.0058812853246014065,-0.0035655398336847917,False
98,0.098,c:\Users\User\Desktop\Github\activeVision\data\renders\airplane_demo\motion_sequence\frames\frame_00098.png,0.0,-0.25,1.5,9.275414310723544e-05,-0.0005244198725164313,0.005314420932397046,-0.030047045387980188,0.009267144980736426,-0.03075643452918886,0.0,0.0,-0.003952724048339379,0.0007093891412086653,False
99,0.099,c:\Users\User\Desktop\Github\activeVision\data\renders\airplane_demo\motion_sequence\frames\frame_00099.png,0.0,-0.25,1.5,8.344673841536795e-06,-0.0005908437606612729,0.0004781145925332779,-0.033852853837528674,0.009919859047416527,-0.03278513069711374,0.0,0.0,-0.00944174445488325,-0.0010677231404149327,False
100,0.1,c:\Users\User\Desktop\Github\activeVision\data\renders\airplane_demo\motion_sequence\frames\frame_00100.png,0.0,-0.25,1.5,0.00032078318248688286,-0.0006026983527883546,0.01837952249527329,-0.034532071934259466,0.011915057244304264,-0.036800428255544304,0.0,0.0,0.006464465250969026,0.0022683563212848408,False
101,0.101,c:\Users\User\Desktop\Github\activeVision\data\renders\airplane_demo\motion_sequence\frames\frame_00101.png,0.0,-0.25,1.5,0.0001454950733115786,-0.0006812771963663962,0.008336253640699957,-0.039034308030299926,0.006844577415373485,-0.038985013337850045,0.0,0.0,0.001491676225326471,-4.9294692449876836e-05,False
102,0.10200000000000001,c:\Users\User\Desktop\Github\activeVision\data\renders\airplane_demo\motion_sequence\frames\frame_00102.png,0.0,-0.25,1.5,0.00011721943319789683,-0.0006301912382787977,0.006716178799155179,-0.03610729823949832,0.008168179199519955,-0.03682186648783242,0.0,0.0,-0.0014520004003647769,0.0007145682483340979,False
103,0.10300000000000001,c:\Users\User\Desktop\Github\activeVision\data\renders\airplane_demo\motion_sequence\frames\frame_00103.png,0.0,-0.25,1.5,2.962184518861772e-05,-0.00048151727495860525,0.0016972067106976994,-0.02758890761776848,0.006536306034157979,-0.03722222116344419,0.0,0.0,-0.004839099323460279,0.009633313545675704,False
104,0.10400000000000001,c:\Users\User\Desktop\Github\activeVision\data\renders\airplane_demo\motion_sequence\frames\frame_00104.png,0.0,-0.25,1.5,0.00024238778375222802,-0.0008057643216866958,0.013887797014532334,-0.04616689491486926,0.012174339166303939,-0.04236253947733712,0.0,0.0,0.0017134578482283966,-0.0038043554375321448,False
105,0.105,c:\Users\User\Desktop\Github\activeVision\data\renders\airplane_demo\motion_sequence\frames\frame_00105.png,0.0,-0.25,1.5,0.0001290571229391497,-0.0005923877430045326,0.007394428460514281,-0.033941317509440176,0.009951097655249753,-0.043074786567540754,0.0,0.0,-0.002556669194735472,0.009133469058100583,False
106,0.106,c:\Users\User\Desktop\Github\activeVision\data\renders\airplane_demo\motion_sequence\frames\frame_00106.png,0.0,-0.25,1.5,0.0002435157660152151,-0.0007249413289135711,0.01395242563756711,-0.04153607854135286,0.010821019662265348,-0.04338251241979073,0.0,0.0,0.0031314059753017624,0.0018464338784378697,False
107,0.107,c:\Users\User\Desktop\Github\activeVision\data\renders\airplane_demo\motion_sequence\frames\frame_00107.png,0.0,-0.25,1.5,0.00015377296389206997,-0.0007998242055693201,0.00881054183423321,-0.045826551331525994,0.009827598513956773,-0.037940555578112475,0.0,0.0,-0.0010170566797235616,-0.007885995753413519,False
108,0.108,c:\Users\User\Desktop\Github\activeVision\data\renders\airplane_demo\motion_sequence\frames\frame_00108.png,0.0,-0.25,1.5,0.0001666910842834944,-0.0006975107186095457,0.009550695611903717,-0.039964420341464135,0.010946453139242538,-0.041371775854417245,0.0,0.0,-0.0013957575273388207,0.0014073555129531115,False
109,0.109,c:\Users\User\Desktop\Github\activeVision\data\renders\airplane_demo\motion_sequence\frames\frame_00109.png,0.0,-0.25,1.5,0.00015122376181648595,-0.0007092508664904478,0.008664483314176257,-0.04063708126589928,0.014793896840292031,-0.0405244203785615,0.0,0.0,-0.006129413526115774,-0.00011266088733778583,False
110,0.11,c:\Users\User\Desktop\Github\activeVision\data\renders\airplane_demo\motion_sequence\frames\frame_00110.png,0.0,-0.25,1.5,0.0003348750248597974,-0.0007061371432140045,0.01918692558880491,-0.04045867806358744,0.015166530798205546,-0.037937681824701766,0.0,0.0,0.004020394790599365,-0.00252099623888567,False
111,0.111,c:\Users\User\Desktop\Github\activeVision\data\renders\airplane_demo\motion_sequence\frames\frame_00111.png,0.0,-0.25,1.5,0.0002987670087597755,-0.0006683720089182429,0.01711808865968323,-0.03829489525569554,0.016240395516845016,-0.036693082620938504,0.0,0.0,0.0008776931428382134,-0.0016018126347570338,False
112,0.112,c:\Users\User\Desktop\Github\activeVision\data\renders\airplane_demo\motion_sequence\frames\frame_00112.png,0.0,-0.25,1.5,0.00010936549661457796,-0.0006231601455187637,0.00626618138036761,-0.03570444629898338,0.010528131670996914,-0.03381786258051431,0.0,0.0,-0.004261950290629304,-0.001886583718469073,False
113,0.113,c:\Users\User\Desktop\Github\activeVision\data\renders\airplane_demo\motion_sequence\frames\frame_00113.png,0.0,-0.25,1.5,0.00023221204385912155,-0.00039141167872344776,0.013304770065234431,-0.02242623724298408,0.010942732580441879,-0.02929413412747289,0.0,0.0,0.002362037484792552,0.00686789688448881,False
114,0.114,c:\Users\User\Desktop\Github\activeVision\data\renders\airplane_demo\motion_sequence\frames\frame_00114.png,0.0,-0.25,1.5,0.0002862101003947219,-0.00046038856403973045,0.016398630806633143,-0.026378321655564977,0.012543384174263256,-0.026088441655216513,0.0,0.0,0.0038552466323698875,-0.0002898800003484629,False
115,0.115,c:\Users\User\Desktop\Github\activeVision\data\renders\airplane_demo\motion_sequence\frames\frame_00115.png,0.0,-0.25,1.5,0.0003858971103658565,-0.0005249870145700999,0.02211027575025771,-0.03007954023403978,0.015766617886730797,-0.029099120371192933,0.0,0.0,0.006343657863526912,-0.0009804198628468462,False
116,0.116,c:\Users\User\Desktop\Github\activeVision\data\renders\airplane_demo\motion_sequence\frames\frame_00116.png,0.0,-0.25,1.5,0.0003726180701389267,-0.000612823783355711,0.021349442789270187,-0.035112216371521746,0.014689735946617388,-0.028866403113142217,0.0,0.0,0.006659706842652802,-0.006245813258379525,False
117,0.117,c:\Users\User\Desktop\Github\activeVision\data\renders\airplane_demo\motion_sequence\frames\frame_00117.png,0.0,-0.25,1.5,0.00017848616969006858,-0.000561428625514257,0.010226504224696767,-0.03216749073979774,0.014237941951536173,-0.02782554475603513,0.0,0.0,-0.004011437726839407,-0.004341945983762605,False
118,0.11800000000000001,c:\Users\User\Desktop\Github\activeVision\data\renders\airplane_demo\motion_sequence\frames\frame_00118.png,0.0,-0.25,1.5,0.00013776552964027462,-0.0005880346140054836,0.007893383410772182,-0.03369190159011866,0.015514125228998643,-0.030916986106535232,0.0,0.0,-0.007620741818226461,-0.0027749154835834213,False
119,0.11900000000000001,c:\Users\User\Desktop\Github\activeVision\data\renders\airplane_demo\motion_sequence\frames\frame_00119.png,0.0,-0.25,1.5,0.0002710557280403931,-0.0006955802099824297,0.015530349229560368,-0.0398538103448168,0.015623043296107881,-0.03467344193686908,0.0,0.0,-9.269406654751257e-05,-0.005180368407947713,False
120,0.12,c:\Users\User\Desktop\Github\activeVision\data\renders\airplane_demo\motion_sequence\frames\frame_00120.png,0.0,-0.25,1.5,9.21922716893647e-05,-0.0008062480072219222,0.005282228071524022,-0.04619460805464926,0.011066378606856693,-0.039370210050987,0.0,0.0,-0.005784150535332672,-0.00682439800366226,False
121,0.121,c:\Users\User\Desktop\Github\activeVision\data\renders\airplane_demo\motion_sequence\frames\frame_00121.png,0.0,-0.25,1.5,0.0002476150091411827,-0.0005493269663588089,0.014187294967883067,-0.031474116745084706,0.010372700800380061,-0.032537708476427896,0.0,0.0,0.0038145941675030047,0.0010635917313431918,False
122,0.122,c:\Users\User\Desktop\Github\activeVision\data\renders\airplane_demo\motion_sequence\frames\frame_00122.png,0.0,-0.25,1.5,0.0002448417954336919,-0.0006397776384162439,0.014028401526756017,-0.03665655850809762,0.01272164729870582,-0.03656697442782276,0.0,0.0,0.0013067542280501946,-8.95840802748638e-05,False
123,0.123,c:\Users\User\Desktop\Github\activeVision\data\renders\airplane_demo\motion_sequence\frames\frame_00123.png,0.0,-0.25,1.5,0.00014442038469907777,-0.000884424091477456,0.008274678518912887,-0.05067376774135047,0.012145667638369545,-0.03856460266705157,0.0,0.0,-0.0038709891194566577,-0.012109165074298905,False
124,0.124,c:\Users\User\Desktop\Github\activeVision\data\renders\airplane_demo\motion_sequence\frames\frame_00124.png,0.0,-0.25,1.5,0.00030770230058299076,-0.0006397309792009295,0.017630043169871223,-0.036653885131984705,0.008562142313252787,-0.03713764385042825,0.0,0.0,0.009067900856618434,0.00048375871844354114,False
125,0.125,c:\Users\User\Desktop\Github\activeVision\data\renders\airplane_demo\motion_sequence\frames\frame_00125.png,0.0,-0.25,1.5,4.804182881661763e-05,-0.0005979371222918715,0.0027525940312821684,-0.03425927352152201,0.01124229318358519,-0.034413710118296074,0.0,0.0,-0.00848969915230302,0.00015443659677406488,False
126,0.126,c:\Users\User\Desktop\Github\activeVision\data\renders\airplane_demo\motion_sequence\frames\frame_00126.png,0.0,-0.25,1.5,-1.9978037795525218e-05,-0.0006145657208392187,-0.0011446572486364381,-0.03521202203750238,0.005955690191863574,-0.03537349895716056,0.0,0.0,-0.007100347440500012,0.0001614769196581841,False
127,0.127,c:\Users\User\Desktop\Github\activeVision\data\renders\airplane_demo\motion_sequence\frames\frame_00127.png,0.0,-0.25,1.5,0.00024800162817629627,-0.0004472257187563181,0.014209446606874496,-0.025624146174441767,0.00967574453779077,-0.03428896153509767,0.0,0.0,0.0045337020690837245,0.0086648153606559,False
128,0.128,c:\Users\User\Desktop\Github\activeVision\data\renders\airplane_demo\motion_sequence\frames\frame_00128.png,0.0,-0.25,1.5,0.0001291398732799064,-0.0005066054489420619,0.007399169705792909,-0.029026354102710466,0.01013001378296033,-0.03060045895079829,0.0,0.0,-0.002730844077167421,0.0015741048480878246,False
129,0.129,c:\Users\User\Desktop\Github\activeVision\data\renders\airplane_demo\motion_sequence\frames\frame_00129.png,0.0,-0.25,1.5,-5.523174246993112e-05,-0.0005548811706547402,-0.003164545738680518,-0.031792349209795005,0.008312575238985317,-0.03231984659809799,0.0,0.0,-0.011477120977665834,0.0005274973883029832,False
130,0.13,c:\Users\User\Desktop\Github\activeVision\data\renders\airplane_demo\motion_sequence\frames\frame_00130.png,0.0,-0.25,1.5,3.344168739732331e-05,-0.0006170035568548006,0.0019160675476624601,-0.03535169975234021,0.004521069163198912,-0.03264165396010282,0.0,0.0,-0.002605001615536452,-0.0027100457922373863,False
131,0.131,c:\Users\User\Desktop\Github\activeVision\data\renders\airplane_demo\motion_sequence\frames\frame_00131.png,0.0,-0.25,1.5,0.00011931666180068975,-0.0004758172561930236,0.006836341146769332,-0.027262320599355287,0.008612797316704298,-0.031002736663709927,0.0,0.0,-0.0017764561699349667,0.0037404160643546383,False
132,0.132,c:\Users\User\Desktop\Github\activeVision\data\renders\airplane_demo\motion_sequence\frames\frame_00132.png,0.0,-0.25,1.5,6.21760576982265e-05,-0.000509551477830749,0.00356242569287027,-0.029195149124355852,0.006554291549233892,-0.03303074184057562,0.0,0.0,-0.0029918658563636217,0.0038355927162197693,False
133,0.133,c:\Users\User\Desktop\Github\activeVision\data\renders\airplane_demo\motion_sequence\frames\frame_00133.png,0.0,-0.25,1.5,0.0003373734719905771,-0.0006774423985281687,0.019330076064735163,-0.038814590298883594,0.013729345155521789,-0.038089199451417484,0.0,0.0,0.005600730909213371,-0.0007253908474661184,False
134,0.134,c:\Users\User\Desktop\Github\activeVision\data\renders\airplane_demo\motion_sequence\frames\frame_00134.png,0.0,-0.25,1.5,0.0002872782821992502,-0.000705419125107129,0.01645983311578528,-0.040417538656449495,0.017212614704899504,-0.04111939227081621,0.0,0.0,-0.0007527815891142234,0.0007018536143667123,False
135,0.135,c:\Users\User\Desktop\Github\activeVision\data\renders\airplane_demo\motion_sequence\frames\frame_00135.png,0.0,-0.25,1.5,0.00043986106848914247,-0.0007559604419203265,0.02520218279654271,-0.0433133428008793,0.018205962762065594,-0.04477941135878408,0.0,0.0,0.006996220034477115,0.0014660685579047778,False
136,0.136,c:\Users\User\Desktop\Github\activeVision\data\renders\airplane_demo\motion_sequence\frames\frame_00136.png,0.0,-0.25,1.5,0.00022244776442889846,-0.0008710374936902035,0.012745318063896243,-0.04990677218610173,0.018525001760923476,-0.044911635526624735,0.0,0.0,-0.005779683697027233,-0.004995136659476998,False
137,0.137,c:\Users\User\Desktop\Github\activeVision\data\renders\airplane_demo\motion_sequence\frames\frame_00137.png,0.0,-0.25,1.5,0.0003387720113573895,-0.0006557932063862997,0.01941020646793641,-0.03757418295928672,0.02243852650254278,-0.04445780986108324,0.0,0.0,-0.0030283200346063665,0.006883626901796527,False
138,0.138,c:\Users\User\Desktop\Github\activeVision\data\renders\airplane_demo\motion_sequence\frames\frame_00138.png,0.0,-0.25,1.5,0.0003401527248126661,-0.0009135520480768029,0.019489315521640682,-0.052342676720333284,0.023474361718501334,-0.043014072403332985,0.0,0.0,-0.00398504619686065,-0.009328604317000302,False
139,0.139,c:\Users\User\Desktop\Github\activeVision\data\renders\airplane_demo\motion_sequence\frames\frame_00139.png,0.0,-0.25,1.5,0.00032315376515871597,-0.0006916894368686566,0.018515346877356176,-0.039630885466354626,0.020249953717246024,-0.038122503831173896,0.0,0.0,-0.0017346068398898507,-0.0015083816351807256,False
140,0.14,c:\Users\User\Desktop\Github\activeVision\data\renders\airplane_demo\motion_sequence\frames\frame_00140.png,0.0,-0.25,1.5,0.0005181443915106496,-0.0006325394447524693,0.029687486811934387,-0.036241840559865,0.023359771348953583,-0.03862773344943466,0.0,0.0,0.006327715462980806,0.00238589288956966,False
141,0.14100000000000001,c:\Users\User\Desktop\Github\activeVision\data\renders\airplane_demo\motion_sequence\frames\frame_00141.png,0.0,-0.25,1.5,0.00031794639141051207,-0.0006773020307823097,0.018216986339236872,-0.03880654781946612,0.01581075220394293,-0.03956730376602429,0.0,0.0,0.0024062341352939416,0.0007607559465581759,False
142,0.14200000000000002,c:\Users\User\Desktop\Github\activeVision\data\renders\airplane_demo\motion_sequence\frames\frame_00142.png,0.0,-0.25,1.5,0.0002192745519986049,-0.0007290953164727783,0.012563506384141972,-0.04177408449664528,0.013903526812212056,-0.03991458089811425,0.0,0.0,-0.0013400204280700836,-0.001859503598531037,False
143,0.14300000000000002,c:\Users\User\Desktop\Github\activeVision\data\renders\airplane_demo\motion_sequence\frames\frame_00143.png,0.0,-0.25,1.5,0.00013095962087831967,-0.0006989965836405184,0.007503433562961056,-0.04004955413666495,0.017659778628206505,-0.04275440395392201,0.0,0.0,-0.01015634506524545,0.0027048498172570594,False
144,0.14400000000000002,c:\Users\User\Desktop\Github\activeVision\data\renders\airplane_demo\motion_sequence\frames\frame_00144.png,0.0,-0.25,1.5,0.00039004802659962473,-0.0006875963087712217,0.02234810573156497,-0.03939636650136519,0.020144572007747164,-0.04110894345613225,0.0,0.0,0.0022035337238178044,0.0017125769547670614,False
145,0.145,c:\Users\User\Desktop\Github\activeVision\data\renders\airplane_demo\motion_sequence\frames\frame_00145.png,0.0,-0.25,1.5,0.0003459862672627416,-0.0008590969316776476,0.019823552883640416,-0.04922262837776805,0.0215664132087112,-0.041910868751992084,0.0,0.0,-0.001742860325070784,-0.007311759625775965,False
146,0.146,c:\Users\User\Desktop\Github\activeVision\data\renders\airplane_demo\motion_sequence\frames\frame_00146.png,0.0,-0.25,1.5,0.0004120304951294354,-0.0006943961807281715,0.02360760840160227,-0.03978597046572778,0.024115764049566554,-0.03635876041213764,0.0,0.0,-0.0005081556479642831,-0.0034272100535901358,False
147,0.147,c:\Users\User\Desktop\Github\activeVision\data\renders\airplane_demo\motion_sequence\frames\frame_00147.png,0.0,-0.25,1.5,0.00037674233820169777,-0.0007600964468729634,0.021585745942847567,-0.0435503184287106,0.022974014299184,-0.036220481496798664,0.0,0.0,-0.0013882683563364367,-0.007329836931911937,False
148,0.148,c:\Users\User\Desktop\Github\activeVision\data\renders\airplane_demo\motion_sequence\frames\frame_00148.png,0.0,-0.25,1.5,0.0002211293412837796,-0.0005878603590235539,0.012669777982068567,-0.03368191751509496,0.021269331385359566,-0.03977869045875813,0.0,0.0,-0.008599553403291,0.00609677294366317,False
149,0.149,c:\Users\User\Desktop\Github\activeVision\data\renders\airplane_demo\motion_sequence\frames\frame_00149.png,0.0,-0.25,1.5,0.0003393673287161254,-0.0008549635530970598,0.019444315640062854,-0.04898580322997059,0.022796508639578224,-0.04553108258912761,0.0,0.0,-0.00335219299951537,-0.0034547206408429847,False
150,0.15,c:\Users\User\Desktop\Github\activeVision\data\renders\airplane_demo\motion_sequence\frames\frame_00150.png,0.0,-0.25,1.5,0.00036296918946024387,-0.0007091996468939239,0.020796602649356337,-0.0406341465991901,0.018455858101908768,-0.04326792542502224,0.0,0.0,0.0023407445474475683,0.002633778825832136,False
151,0.151,c:\Users\User\Desktop\Github\activeVision\data\renders\airplane_demo\motion_sequence\frames\frame_00151.png,0.0,-0.25,1.5,0.000504858658913487,-0.0008001848074360496,0.028926270406377585,-0.04584721229657413,0.022582194036921428,-0.04871254225825167,0.0,0.0,0.006344076369456153,0.002865329961677533,False
152,0.152,c:\Users\User\Desktop\Github\activeVision\data\renders\airplane_demo\motion_sequence\frames\frame_00152.png,0.0,-0.25,1.5,0.00045449945946434106,-0.0007404702368177705,0.02604090081828398,-0.04242581942471083,0.029732970724623782,-0.04809760646446998,0.0,0.0,-0.0036920699063397984,0.0056717870397591415,False
153,0.153,c:\Users\User\Desktop\Github\activeVision\data\renders\airplane_demo\motion_sequence\frames\frame_00153.png,0.0,-0.25,1.5,0.000501126794243736,-0.0008623130827588177,0.02871245031108687,-0.04940690026099553,0.030236448633791026,-0.04945120689903811,0.0,0.0,-0.0015239983227041591,4.4306638042588136e-05,False
154,0.154,c:\Users\User\Desktop\Github\activeVision\data\renders\airplane_demo\motion_sequence\frames\frame_00154.png,0.0,-0.25,1.5,0.0005818344224266039,-0.0008717283790274587,0.0333366567804763,-0.04994635700005393,0.02964460876181264,-0.05171821963874756,0.0,0.0,0.0036920480186636555,0.0017718626386936268,False
155,0.155,c:\Users\User\Desktop\Github\activeVision\data\renders\airplane_demo\motion_sequence\frames\frame_00155.png,0.0,-0.25,1.5,0.00028765219808673945,-0.0007972284210356861,0.016481256918031303,-0.045677823833223434,0.022562873977477835,-0.0486942286284783,0.0,0.0,-0.006081617059446531,0.003016404795254874,False
156,0.156,c:\Users\User\Desktop\Github\activeVision\data\renders\airplane_demo\motion_sequence\frames\frame_00156.png,0.0,-0.25,1.5,0.00031770733632421953,-0.001055722843310532,0.01820328949172117,-0.06048846325724459,0.024251422238599423,-0.05182344973532231,0.0,0.0,-0.006048132746878252,-0.008665013521922279,False
157,0.157,c:\Users\User\Desktop\Github\activeVision\data\renders\airplane_demo\motion_sequence\frames\frame_00157.png,0.0,-0.25,1.5,0.0003303668207558211,-0.0008355212062589741,0.018928624520463518,-0.047871838812318754,0.020788907959704474,-0.04756105020665212,0.0,0.0,-0.0018602834392409586,-0.00031078860566663695,False
158,0.158,c:\Users\User\Desktop\Github\activeVision\data\renders\airplane_demo\motion_sequence\frames\frame_00158.png,0.0,-0.25,1.5,0.00039337703483284287,-0.0007771874542366183,0.02253884385329267,-0.04452956101827504,0.01899906623595556,-0.04963184044663333,0.0,0.0,0.003539777617337112,0.005102279428358288,False
159,0.159,c:\Users\User\Desktop\Github\activeVision\data\renders\airplane_demo\motion_sequence\frames\frame_00159.png,0.0,-0.25,1.5,0.00018195107721845908,-0.0008975702910152715,0.010425028802476647,-0.051426989491504135,0.015833788550007225,-0.04891415653141815,0.0,0.0,-0.005408759747530579,-0.002512832960085979,False
160,0.16,c:\Users\User\Desktop\Github\activeVision\data\renders\airplane_demo\motion_sequence\frames\frame_00160.png,0.0,-0.25,1.5,0.00015775916277324352,-0.0008662347756943383,0.009038934206424225,-0.04963159671474713,0.012719596063074852,-0.052787242160469865,0.0,0.0,-0.003680661856650626,0.0031556454457227355,False
161,0.161,c:\Users\User\Desktop\Github\activeVision\data\renders\airplane_demo\motion_sequence\frames\frame_00161.png,0.0,-0.25,1.5,0.00016504432722002954,-0.000907618784704989,0.009456343382283823,-0.05200272577038879,0.01263133029522894,-0.05154936009485488,0.0,0.0,-0.003174986912945116,-0.00045336567553390654,False
162,0.162,c:\Users\User\Desktop\Github\activeVision\data\renders\airplane_demo\motion_sequence\frames\frame_00162.png,0.0,-0.25,1.5,0.00028534939786530814,-0.0009228692497267941,0.0163493161842815,-0.052876513051750104,0.012616341904399154,-0.05366692657840474,0.0,0.0,0.0037329742798823434,0.0007904135266546321,False
163,0.163,c:\Users\User\Desktop\Github\activeVision\data\renders\airplane_demo\motion_sequence\frames\frame_00163.png,0.0,-0.25,1.5,0.0002742460387273509,-0.0009492984745335659,0.015713140567258532,-0.054390796088980585,0.017756814569903835,-0.055563943607356885,0.0,0.0,-0.0020436740026453046,0.0011731475183762972,False
164,0.164,c:\Users\User\Desktop\Github\activeVision\data\renders\airplane_demo\motion_sequence\frames\frame_00164.png,0.0,-0.25,1.5,0.0003705017931412626,-0.0010218737201404668,0.02122818904902342,-0.05854905135938138,0.01526696655115758,-0.052218573475262584,0.0,0.0,0.0059612224978658375,-0.006330477884118789,False
165,0.165,c:\Users\User\Desktop\Github\activeVision\data\renders\airplane_demo\motion_sequence\frames\frame_00165.png,0.0,-0.25,1.5,0.000180176838946209,-0.0009686398547882781,0.010323372437626134,-0.05549897554753326,0.013786420923555255,-0.054896270876096796,0.0,0.0,-0.003463048485929122,-0.0006027046714364641,False
166,0.166,c:\Users\User\Desktop\Github\activeVision\data\renders\airplane_demo\motion_sequence\frames\frame_00166.png,0.0,-0.25,1.5,0.00025607131112449674,-0.0008838547694593997,0.01467180538181507,-0.05064114799253198,0.013734679492371726,-0.055019225470186485,0.0,0.0,0.0009371258894433421,0.004378077477654508,False
167,0.167,c:\Users\User\Desktop\Github\activeVision\data\renders\airplane_demo\motion_sequence\frames\frame_00167.png,0.0,-0.25,1.5,0.00023334399285851568,-0.0009657928208554128,0.01336962596552377,-0.055335852519049544,0.011027852794404958,-0.05501655959518072,0.0,0.0,0.0023417731711188124,-0.0003192929238688237,False
168,0.168,c:\Users\User\Desktop\Github\activeVision\data\renders\airplane_demo\motion_sequence\frames\frame_00168.png,0.0,-0.25,1.5,0.00011120253518271107,-0.0009671100763781855,0.006371435937124393,-0.05541132570104473,0.01098085838361994,-0.05798984694186512,0.0,0.0,-0.004609422446495547,0.002578521240820392,False
169,0.169,c:\Users\User\Desktop\Github\activeVision\data\renders\airplane_demo\motion_sequence\frames\frame_00169.png,0.0,-0.25,1.5,0.00025638868351751215,-0.0009496109941559855,0.01468998948046882,-0.054408702144360256,0.010671201580760376,-0.057870271689021126,0.0,0.0,0.004018787899708445,0.003461569544660871,False
170,0.17,c:\Users\User\Desktop\Github\activeVision\data\renders\airplane_demo\motion_sequence\frames\frame_00170.png,0.0,-0.25,1.5,0.0003363735987316184,-0.0009042071321600935,0.019272787546948833,-0.051807252478401206,0.013255773367909798,-0.0511881134462816,0.0,0.0,0.006017014179039035,-0.0006191390321196088,False
171,0.171,c:\Users\User\Desktop\Github\activeVision\data\renders\airplane_demo\motion_sequence\frames\frame_00171.png,0.0,-0.25,1.5,0.0003094349409101672,-0.0009007955473117269,0.017729316148032595,-0.05161178306513902,0.014438035255430692,-0.050092101163442794,0.0,0.0,0.0032912808926019053,-0.0015196819016962306,False
172,0.17200000000000001,c:\Users\User\Desktop\Github\activeVision\data\renders\airplane_demo\motion_sequence\frames\frame_00172.png,0.0,-0.25,1.5,0.00018062497522876135,-0.0010038581517195194,0.010349048755263067,-0.057516835323331926,0.014560832100175124,-0.04848617222141736,0.0,0.0,-0.004211783344912059,-0.009030663101914567,False
173,0.17300000000000001,c:\Users\User\Desktop\Github\activeVision\data\renders\airplane_demo\motion_sequence\frames\frame_00173.png,0.0,-0.25,1.5,0.00023683532488753982,-0.0007383167952086625,0.0135696645556657,-0.042302436309081086,0.013108575626732028,-0.048216386922475,0.0,0.0,0.00046108892893367116,0.005913950613393915,False
174,0.17400000000000002,c:\Users\User\Desktop\Github\activeVision\data\renders\airplane_demo\motion_sequence\frames\frame_00174.png,0.0,-0.25,1.5,0.0002496986814692782,-0.0008752077697239834,0.01430668059817114,-0.050145711402241874,0.016036725005083668,-0.048364190637328885,0.0,0.0,-0.0017300444069125293,-0.001781520764912991,False
175,0.17500000000000002,c:\Users\User\Desktop\Github\activeVision\data\renders\airplane_demo\motion_sequence\frames\frame_00175.png,0.0,-0.25,1.5,0.00023100351526061984,-0.0009429410806447238,0.013235526477119421,-0.05402654425044767,0.015359926583599252,-0.05308214232195787,0.0,0.0,-0.0021244001064798313,-0.0009444019284898023,False
176,0.176,c:\Users\User\Desktop\Github\activeVision\data\renders\airplane_demo\motion_sequence\frames\frame_00176.png,0.0,-0.25,1.5,0.0002164930496556424,-0.0008439788678098681,0.01240413803918447,-0.04835642712373506,0.014597026546338881,-0.05106612089707526,0.0,0.0,-0.002192888507154411,0.002709693773340202,False
177,0.177,c:\Users\User\Desktop\Github\activeVision\data\renders\airplane_demo\motion_sequence\frames\frame_00177.png,0.0,-0.25,1.5,0.00027926890280536237,-0.0008581076109696808,0.01600092947999646,-0.04916594447661665,0.013891082006106186,-0.05041675671653823,0.0,0.0,0.0021098474738902744,0.00125081223992158,False
178,0.178,c:\Users\User\Desktop\Github\activeVision\data\renders\airplane_demo\motion_sequence\frames\frame_00178.png,0.0,-0.25,1.5,0.00018810274804462976,-0.00085739509541077,0.010777493577769984,-0.049125120342253664,0.013301757333078727,-0.04837107440725861,0.0,0.0,-0.002524263755308742,-0.0007540459349950511,False
179,0.179,c:\Users\User\Desktop\Github\activeVision\data\renders\airplane_demo\motion_sequence\frames\frame_00179.png,0.0,-0.25,1.5,0.00010904315023151114,-0.0007780331396201085,0.006247712293076574,-0.04457801522154493,0.009647369201111132,-0.05125574232969935,0.0,0.0,-0.0033996569080345586,0.00667772710815442,False
180,0.18,c:\Users\User\Desktop\Github\activeVision\data\renders\airplane_demo\motion_sequence\frames\frame_00180.png,0.0,-0.25,1.5,0.00013331742829771753,-0.00066528863469008,0.007638525976997186,-0.03811823092576239,0.007977902681131372,-0.04889311987839124,0.008419626122266367,0.005567877961695398,-0.008759002826400554,0.005207010990933449,True
181,0.181,c:\Users\User\Desktop\Github\activeVision\data\renders\airplane_demo\motion_sequence\frames\frame_00181.png,0.0,-0.25,1.5,0.00043516900826387744,-0.0006944729949726737,0.02493334754841382,-0.03979037159774424,0.004753528195461615,-0.049426861718139134,0.016839252244532733,0.011135755923390797,0.0033405671084194752,-0.001499265802995899,True
182,0.182,c:\Users\User\Desktop\Github\activeVision\data\renders\airplane_demo\motion_sequence\frames\frame_00182.png,0.0,-0.25,1.5,0.0004447947282200517,-0.0005724960479190754,0.025484860676677455,-0.032801607333682356,0.008110360362313237,-0.04714307043659965,0.025258878366799097,0.016703633885086194,-0.007884378052434879,-0.0023621707821689032,True
183,0.183,c:\Users\User\Desktop\Github\activeVision\data\renders\airplane_demo\motion_sequence\frames\frame_00183.png,0.0,-0.25,1.5,0.0007252489428239503,-0.0003944030479855626,0.041553703520137104,-0.022597630076668422,0.008956581561977331,-0.048868066480394774,0.03367850448906547,0.022271511846781594,-0.0010813825309056908,0.0039989245569447595,True
184,0.184,c:\Users\User\Desktop\Github\activeVision\data\renders\airplane_demo\motion_sequence\frames\frame_00184.png,0.0,-0.25,1.5,0.0009228967367143348,-0.00046865375043550364,0.052878087940127716,-0.026851881952931724,0.009906925482027696,-0.05162992358585935,0.04209813061133183,0.02783938980847699,0.0008730318467681849,-0.0030613481755493613,True
185,0.185,c:\Users\User\Desktop\Github\activeVision\data\renders\airplane_demo\motion_sequence\frames\frame_00185.png,0.0,-0.25,1.5,0.0010160239256392727,-0.00037966831205593475,0.05821388282344412,-0.021753391895660973,0.0062613484043413355,-0.05502009113586555,0.05051775673359819,0.03340726777017239,0.001434777685504592,-0.00014056852996781086,True
186,0.186,c:\Users\User\Desktop\Github\activeVision\data\renders\airplane_demo\motion_sequence\frames\frame_00186.png,0.0,-0.25,1.5,0.001122166056249619,-0.00043056243925833506,0.06429537893594331,-0.024669410586360466,0.006277643830016613,-0.0584587182794828,0.05893738285586457,0.038975145731867784,-0.0009196477499378779,-0.005185838038745456,True
187,0.187,c:\Users\User\Desktop\Github\activeVision\data\renders\airplane_demo\motion_sequence\frames\frame_00187.png,0.0,-0.25,1.5,0.0011159376762863678,-0.00019311611812400522,0.06393851905084517,-0.011064738524455364,0.003498462329316726,-0.0589540985498541,0.06735700897813093,0.04454302369356319,-0.006916952256602484,0.003346336331835558,True
188,0.188,c:\Users\User\Desktop\Github\activeVision\data\renders\airplane_demo\motion_sequence\frames\frame_00188.png,0.0,-0.25,1.5,0.0014228138788118154,-0.00015398437359712093,0.08152123028855521,-0.008822654718080736,0.010959110883135453,-0.057577628802581896,0.07577663510039728,0.05011090165525858,-0.00521451569497753,-0.0013559275707574236,True
189,0.189,c:\Users\User\Desktop\Github\activeVision\data\renders\airplane_demo\motion_sequence\frames\frame_00189.png,0.0,-0.25,1.5,0.0016236034965133655,-1.4795941218734133e-06,0.09302562795289931,-8.477449857571175e-05,0.00629279705238874,-0.058710477946458554,0.08419626122266365,0.05567877961695398,0.002536569677846922,0.0029469238309288628,True
190,0.19,c:\Users\User\Desktop\Github\activeVision\data\renders\airplane_demo\motion_sequence\frames\frame_00190.png,0.0,-0.25,1.5,0.001773175914948036,0.0002130885489629911,0.10159549626077069,0.012209074518146184,0.003197568790813442,-0.057813040985998675,0.09261588734493001,0.061246657578649374,0.00578204012502723,0.008775457925495486,True
191,0.191,c:\Users\User\Desktop\Github\activeVision\data\renders\airplane_demo\motion_sequence\frames\frame_00191.png,0.0,-0.25,1.5,0.001787265621059123,-0.00014366776077903167,0.10240277695551565,-0.008231556344733654,0.0010951841427173105,-0.06040564102223653,0.10103551346719637,0.06681453554034478,0.0002720793456019789,-0.014640450862841908,True
192,0.192,c:\Users\User\Desktop\Github\activeVision\data\renders\airplane_demo\motion_sequence\frames\frame_00192.png,0.0,-0.25,1.5,0.001861577112615846,5.662688349172178e-05,0.10666051179103793,0.0032444814310546924,-0.0004979178607353457,-0.06121856593017288,0.10945513958946272,0.07238241350204018,-0.002296709937689437,-0.007919366140812612,True
193,0.193,c:\Users\User\Desktop\Github\activeVision\data\renders\airplane_demo\motion_sequence\frames\frame_00193.png,0.0,-0.25,1.5,0.0021018583016677206,0.0001712085195392453,0.12042760982009539,0.009809525586281845,-0.0012345711839243034,-0.06354839179033993,0.11787476571172908,0.07795029146373558,0.0037874152922906133,-0.004592374087113814,True
194,0.194,c:\Users\User\Desktop\Github\activeVision\data\renders\airplane_demo\motion_sequence\frames\frame_00194.png,0.0,-0.25,1.5,0.002217452026085108,0.00011416915719615725,0.12705064236741,0.006541410857905462,-0.002081606573208027,-0.06424723556569513,0.12629439183399543,0.08351816942543099,0.002837857106622599,-0.012729523001830393,True
195,0.195,c:\Users\User\Desktop\Github\activeVision\data\renders\airplane_demo\motion_sequence\frames\frame_00195.png,0.0,-0.25,1.5,0.0022654739405351012,0.0003400420171064091,0.12980209538953294,0.019482972437312583,-0.0031034813805960286,-0.0619683901178741,0.1347140179562618,0.08908604738712639,-0.0018084411861328381,-0.007634684831939708,True
196,0.196,c:\Users\User\Desktop\Github\activeVision\data\renders\airplane_demo\motion_sequence\frames\frame_00196.png,0.0,-0.25,1.5,0.0024374833791031576,0.0004868878240298651,0.13965751025589737,0.027896617413219575,-0.002123686862844156,-0.06095832939914357,0.14313364407852816,0.09465392534882179,-0.0013524469597866423,-0.005798978536458652,False
197,0.197,c:\Users\User\Desktop\Github\activeVision\data\renders\airplane_demo\motion_sequence\frames\frame_00197.png,0.0,-0.25,1.5,0.002254739199557287,0.0005045379026846575,0.12918704003733802,0.028907892428213122,-0.004345712299425405,-0.061899598925952856,0.14313364407852816,0.09465392534882179,-0.009600891741764742,-0.0038464339946558163,False
198,0.198,c:\Users\User\Desktop\Github\activeVision\data\renders\airplane_demo\motion_sequence\frames\frame_00198.png,0.0,-0.25,1.5,0.002426374002621946,0.0006233622096835395,0.13902098987050204,0.03571602372281587,-0.004530944102840732,-0.06342077912782752,0.14313364407852816,0.09465392534882179,0.0004182898948146191,0.004482877501821603,False
199,0.199,c:\Users\User\Desktop\Github\activeVision\data\renders\airplane_demo\motion_sequence\frames\frame_00199.png,0.0,-0.25,1.5,0.0023026032411236712,0.0005751937084737988,0.1319294476095306,0.03295617189802693,0.002080528267513937,-0.061225442607448305,0.14313364407852816,0.09465392534882179,-0.013284724736511513,-0.0004723108433465663,False
200,0.2,c:\Users\User\Desktop\Github\activeVision\data\renders\airplane_demo\motion_sequence\frames\frame_00200.png,0.0,-0.25,1.5,0.0024712752128652335,0.0005577411069253608,0.141593639712472,0.03195621148777794,0.002294693573287828,-0.06471106252495204,0.14313364407852816,0.09465392534882179,-0.003834697939343984,0.0020133486639081857,False
201,0.201,c:\Users\User\Desktop\Github\activeVision\data\renders\airplane_demo\motion_sequence\frames\frame_00201.png,0.0,-0.25,1.5,0.002482895772888856,0.0005304451884931854,0.142259448757404,0.030392270563680945,0.0013181390543723416,-0.06351867475277813,0.14313364407852816,0.09465392534882179,-0.0021923343754964983,-0.0007429800323627279,False
202,0.202,c:\Users\User\Desktop\Github\activeVision\data\renders\airplane_demo\motion_sequence\frames\frame_00202.png,0.0,-0.25,1.5,0.0025678508758057673,0.0005839968528132792,0.14712701760264257,0.03346055491512364,-0.0029564851209274534,-0.057871659978097935,0.14313364407852816,0.09465392534882179,0.006949858645041881,-0.003321710455600223,False
203,0.203,c:\Users\User\Desktop\Github\activeVision\data\renders\airplane_demo\motion_sequence\frames\frame_00203.png,0.0,-0.25,1.5,0.002451271602135,0.0007271685401753187,0.140447517242607,0.041663688346735006,-0.0036463985873704634,-0.05431995424296788,0.14313364407852816,0.09465392534882179,0.0009602717514493032,0.001329717240881087,False
204,0.20400000000000001,c:\Users\User\Desktop\Github\activeVision\data\renders\airplane_demo\motion_sequence\frames\frame_00204.png,0.0,-0.25,1.5,0.0023802074303373084,0.0006360908315175374,0.13637584012400666,0.03644532003292202,-0.007744872216093064,-0.05548861466388227,0.14313364407852816,0.09465392534882179,0.0009870682615715763,-0.0027199906520175106,False
205,0.20500000000000002,c:\Users\User\Desktop\Github\activeVision\data\renders\airplane_demo\motion_sequence\frames\frame_00205.png,0.0,-0.25,1.5,0.0023576406506090873,0.0006225858652484838,0.13508285888837823,0.03567154246323871,-0.00787704958059231,-0.055720492353665094,0.14313364407852816,0.09465392534882179,-0.0001737356095576495,-0.0032618905319179914,False
206,0.20600000000000002,c:\Users\User\Desktop\Github\activeVision\data\renders\airplane_demo\motion_sequence\frames\frame_00206.png,0.0,-0.25,1.5,0.0023381372289908763,0.000695952497879032,0.13396539514359052,0.039875140870055906,-0.011039057967261913,-0.057713561281725966,0.14313364407852816,0.09465392534882179,0.001870809032324264,0.002934776802960078,False
207,0.20700000000000002,c:\Users\User\Desktop\Github\activeVision\data\renders\airplane_demo\motion_sequence\frames\frame_00207.png,0.0,-0.25,1.5,0.0022839224886413586,0.0005538000973701197,0.13085911933416555,0.031730408273241896,-0.006899154218348869,-0.061251854081245456,0.14313364407852816,0.09465392534882179,-0.005375370526013727,-0.0016716629943344394,False
208,0.20800000000000002,c:\Users\User\Desktop\Github\activeVision\data\renders\airplane_demo\motion_sequence\frames\frame_00208.png,0.0,-0.25,1.5,0.0023948226079931806,0.0007684037369403045,0.13721322812052206,0.0440262910887602,-0.005446434690036902,-0.05640881827983619,0.14313364407852816,0.09465392534882179,-0.0004739812679692135,0.005781184019774587,False
209,0.209,c:\Users\User\Desktop\Github\activeVision\data\renders\airplane_demo\motion_sequence\frames\frame_00209.png,0.0,-0.25,1.5,0.00224814656974226,0.0006992591822461443,0.12880931017304487,0.04006459992847333,-0.00991585904813302,-0.05532247953571651,0.14313364407852816,0.09465392534882179,-0.00440847485735028,0.0007331541153680433,False
210,0.21,c:\Users\User\Desktop\Github\activeVision\data\renders\airplane_demo\motion_sequence\frames\frame_00210.png,0.0,-0.25,1.5,0.0023713686019929806,0.0005303371427065591,0.1358694125640361,0.030386079996113084,-0.008131081462592546,-0.05805877882269513,0.14313364407852816,0.09465392534882179,0.0008668499481004866,-0.006209066530013572,False
211,0.211,c:\Users\User\Desktop\Github\activeVision\data\renders\airplane_demo\motion_sequence\frames\frame_00211.png,0.0,-0.25,1.5,0.0023863825218030646,0.0007630362319155227,0.13672964680310176,0.04371875570432494,-0.0034708428617721775,-0.0547890708132347,0.14313364407852816,0.09465392534882179,-0.00293315441365423,0.003853901168737841,False
212,0.212,c:\Users\User\Desktop\Github\activeVision\data\renders\airplane_demo\motion_sequence\frames\frame_00212.png,0.0,-0.25,1.5,0.002412400396051448,0.0007658649563311123,0.13822036118943623,0.04388082967474383,-0.004957190003920794,-0.060308226628902555,0.14313364407852816,0.09465392534882179,4.390711482886518e-05,0.009535130954824587,False
213,0.213,c:\Users\User\Desktop\Github\activeVision\data\renders\airplane_demo\motion_sequence\frames\frame_00213.png,0.0,-0.25,1.5,0.0024153527518158426,0.0005263842750720854,0.13838951871435717,0.03015959736368388,-0.003884788634413835,-0.05973524916075352,0.14313364407852816,0.09465392534882179,-0.0008593367297571587,-0.0047590788243843975,False
214,0.214,c:\Users\User\Desktop\Github\activeVision\data\renders\airplane_demo\motion_sequence\frames\frame_00214.png,0.0,-0.25,1.5,0.0023630907020888,0.0007081643139133693,0.1353951238362948,0.04057482638901362,-0.0031971946957060913,-0.05632798445169032,0.14313364407852816,0.09465392534882179,-0.0045413255465272815,0.002248885491882148,False
215,0.215,c:\Users\User\Desktop\Github\activeVision\data\renders\airplane_demo\motion_sequence\frames\frame_00215.png,0.0,-0.25,1.5,0.002223736455106856,0.0004697639073674471,0.1274107136270057,0.02691548925972928,-0.012789230870756976,-0.05960602042563724,0.14313364407852816,0.09465392534882179,-0.0029336995807654805,-0.008132415663455274,False
216,0.216,c:\Users\User\Desktop\Github\activeVision\data\renders\airplane_demo\motion_sequence\frames\frame_00216.png,0.0,-0.25,1.5,0.0023432346470816526,0.0005451016058542681,0.13425745568660563,0.03123202142125325,-0.007012530895469056,-0.06383762589745705,0.14313364407852816,0.09465392534882179,-0.0018636574964534772,0.00041572196988850694,False
217,0.217,c:\Users\User\Desktop\Github\activeVision\data\renders\airplane_demo\motion_sequence\frames\frame_00217.png,0.0,-0.25,1.5,0.0023488504140656073,0.0005417462452368297,0.13457921543351514,0.03103977341912962,-0.008121046501180902,-0.06408052113315837,0.14313364407852816,0.09465392534882179,-0.00043338214383211436,0.00046636920346620835,False
218,0.218,c:\Users\User\Desktop\Github\activeVision\data\renders\airplane_demo\motion_sequence\frames\frame_00218.png,0.0,-0.25,1.5,0.002042778612184316,0.0006772460060965256,0.11704259295775288,0.038803337841422134,-0.01525782356462998,-0.06275732703985569,0.14313364407852816,0.09465392534882179,-0.010833227556145308,0.006906739532456035,False
219,0.219,c:\Users\User\Desktop\Github\activeVision\data\renders\airplane_demo\motion_sequence\frames\frame_00219.png,0.0,-0.25,1.5,0.0021053373323842457,0.0006083254258157219,0.12062694359694866,0.03485447946973952,-0.0191143694022273,-0.06221771972199307,0.14313364407852816,0.09465392534882179,-0.0033923310793522355,0.0024182738429107927,False
220,0.22,c:\Users\User\Desktop\Github\activeVision\data\renders\airplane_demo\motion_sequence\frames\frame_00220.png,0.0,-0.25,1.5,0.0022112769988490767,0.0005562916260404632,0.1266968393684071,0.03187316235058842,-0.022259044279801823,-0.061099696895748117,0.14313364407852816,0.09465392534882179,0.005822239569680736,-0.0016810661024852548,False
221,0.221,c:\Users\User\Desktop\Github\activeVision\data\renders\airplane_demo\motion_sequence\frames\frame_00221.png,0.0,-0.25,1.5,0.0022156035299910823,0.0007149242628524151,0.12694473134277592,0.04096214293294489,-0.019119297519709193,-0.05593761277552193,0.14313364407852816,0.09465392534882179,0.0029303847839569743,0.002245830359645021,False
222,0.222,c:\Users\User\Desktop\Github\activeVision\data\renders\airplane_demo\motion_sequence\frames\frame_00222.png,0.0,-0.25,1.5,0.0023942558734376903,0.0008451344413414265,0.13718075662238824,0.04842263661001038,-0.01057093263753137,-0.049241084899129255,0.14313364407852816,0.09465392534882179,0.0046180451813914464,0.0030097961603178405,False
223,0.223,c:\Users\User\Desktop\Github\activeVision\data\renders\airplane_demo\motion_sequence\frames\frame_00223.png,0.0,-0.25,1.5,0.0023992396539565734,0.0008197222736378567,0.13746630621213976,0.04696662665231717,-0.010354130253036407,-0.0487811480047628,0.14313364407852816,0.09465392534882179,0.004686792386647997,0.0010938493082581727,False
224,0.224,c:\Users\User\Desktop\Github\activeVision\data\renders\airplane_demo\motion_sequence\frames\frame_00224.png,0.0,-0.25,1.5,0.002382793436758531,0.0009599371757709639,0.13652400737773646,0.055000348769384096,-0.009334749109357107,-0.04460472706233488,0.14313364407852816,0.09465392534882179,0.002725112408565408,0.004951150482897173,False
225,0.225,c:\Users\User\Desktop\Github\activeVision\data\renders\airplane_demo\motion_sequence\frames\frame_00225.png,0.0,-0.25,1.5,0.002438883992412048,0.000830991455033084,0.13973775948722664,0.04761230318483105,-0.004434961861181841,-0.04092360427473368,0.14313364407852816,0.09465392534882179,0.00103907726988032,-0.006118017889257068,False
226,0.226,c:\Users\User\Desktop\Github\activeVision\data\renders\airplane_demo\motion_sequence\frames\frame_00226.png,0.0,-0.25,1.5,0.002492808644908837,0.0008746879142281138,0.14282741448700223,0.05011592587637187,-0.003558774228871186,-0.044035113554571154,0.14313364407852816,0.09465392534882179,0.0032525446373452564,-0.0005028859178787732,False
227,0.227,c:\Users\User\Desktop\Github\activeVision\data\renders\airplane_demo\motion_sequence\frames\frame_00227.png,0.0,-0.25,1.5,0.002473312352887521,0.000954286066826274,0.14171035923802625,0.05467656407728474,-0.002142145740783081,-0.045916002906705146,0.14313364407852816,0.09465392534882179,0.000718860900281173,0.005938641635168092,False
228,0.228,c:\Users\User\Desktop\Github\activeVision\data\renders\airplane_demo\motion_sequence\frames\frame_00228.png,0.0,-0.25,1.5,0.0024987766797700183,0.0009315471826883677,0.14316935769653488,0.053373721985345735,-0.00012182427023760392,-0.045420255790909164,0.14313364407852816,0.09465392534882179,0.00015753788824432016,0.004140052427433103,False
229,0.229,c:\Users\User\Desktop\Github\activeVision\data\renders\airplane_demo\motion_sequence\frames\frame_00229.png,0.0,-0.25,1.5,0.002513889409087966,0.0008678341516248593,0.1440352533033769,0.04972323420542079,0.0019711489322242755,-0.04900700974842039,0.14313364407852816,0.09465392534882179,-0.0010695397073755412,0.004076318605019387,False
230,0.23,c:\Users\User\Desktop\Github\activeVision\data\renders\airplane_demo\motion_sequence\frames\frame_00230.png,0.0,-0.25,1.5,0.0025073245116076187,0.0008040789883878561,0.14365911238481693,0.04607033242977288,-0.00012131585200740916,-0.04709344388545066,0.14313364407852816,0.09465392534882179,0.0006467841582961758,-0.0014901490335982477,False
231,0.231,c:\Users\User\Desktop\Github\activeVision\data\renders\airplane_demo\motion_sequence\frames\frame_00231.png,0.0,-0.25,1.5,0.0023291844217711347,0.0008769183110273137,0.13345243707510507,0.05024371819960551,-0.000978033552585635,-0.048793205616223384,0.14313364407852816,0.09465392534882179,-0.00870317345083746,0.004382998467007095,False
232,0.232,c:\Users\User\Desktop\Github\activeVision\data\renders\airplane_demo\motion_sequence\frames\frame_00232.png,0.0,-0.25,1.5,0.0024750012155036224,0.0008599319213607511,0.1418071239381063,0.04927046976254684,0.0019070262086795286,-0.050121527234764325,0.14313364407852816,0.09465392534882179,-0.0032335463491013827,0.0047380716484893785,False
233,0.233,c:\Users\User\Desktop\Github\activeVision\data\renders\airplane_demo\motion_sequence\frames\frame_00233.png,0.0,-0.25,1.5,0.0024733030954458674,0.0007080478897504706,0.14170982882569041,0.04056815577584619,0.0037835885288248507,-0.05102258791752065,0.14313364407852816,0.09465392534882179,-0.005207403781662598,-0.0030631816554549576,False
234,0.234,c:\Users\User\Desktop\Github\activeVision\data\renders\airplane_demo\motion_sequence\frames\frame_00234.png,0.0,-0.25,1.5,0.0023698153136016554,0.0008150631601859073,0.1357804156948465,0.04669967911524784,0.00520741026887532,-0.051310327906634035,0.14313364407852816,0.09465392534882179,-0.012560638652557014,0.00335608167306008,False
235,0.23500000000000001,c:\Users\User\Desktop\Github\activeVision\data\renders\airplane_demo\motion_sequence\frames\frame_00235.png,0.0,-0.25,1.5,0.002604736374338471,0.000689562209977159,0.1492404009938025,0.03950900434340508,0.006178575709067257,-0.0565390948922883,0.14313364407852816,0.09465392534882179,-7.181879379293375e-05,0.0013941738868715778,False
236,0.23600000000000002,c:\Users\User\Desktop\Github\activeVision\data\renders\airplane_demo\motion_sequence\frames\frame_00236.png,0.0,-0.25,1.5,0.0027151575820993953,0.0006929436875698862,0.15556707016724067,0.039702748737986404,0.009014155328795258,-0.05875875530713628,0.14313364407852816,0.09465392534882179,0.00341927075991725,0.003807578696300888,False
237,0.23700000000000002,c:\Users\User\Desktop\Github\activeVision\data\renders\airplane_demo\motion_sequence\frames\frame_00237.png,0.0,-0.25,1.5,0.002898077140307012,0.0005643489296544557,0.1660475888429347,0.0323348118419257,0.013922022663713776,-0.05678255077887218,0.14313364407852816,0.09465392534882179,0.00899192210069274,-0.005536562728023907,False
238,0.23800000000000002,c:\Users\User\Desktop\Github\activeVision\data\renders\airplane_demo\motion_sequence\frames\frame_00238.png,0.0,-0.25,1.5,0.0028113517914254166,0.0007237338521883839,0.16107859237521968,0.04146689522113936,0.012533851880639735,-0.059675959911885366,0.14313364407852816,0.09465392534882179,0.005411096416051778,0.006488929784202925,False
239,0.23900000000000002,c:\Users\User\Desktop\Github\activeVision\data\renders\airplane_demo\motion_sequence\frames\frame_00239.png,0.0,-0.25,1.5,0.0026885412648608685,0.0006617240568156376,0.15404206752329178,0.03791399565781113,0.013924404128051446,-0.06150413310262911,0.14313364407852816,0.09465392534882179,-0.0030159806832878258,0.004764203411618443,False
240,0.24,c:\Users\User\Desktop\Github\activeVision\data\renders\airplane_demo\motion_sequence\frames\frame_00240.png,0.0,-0.25,1.5,0.00270872805834803,0.0007557618267859586,0.1551986855920083,0.0433019629919326,0.011204786151220497,-0.05891055427639256,0.14313364407852816,0.09465392534882179,0.0008602553622596536,0.007558591919503362,False
241,0.241,c:\Users\User\Desktop\Github\activeVision\data\renders\airplane_demo\motion_sequence\frames\frame_00241.png,0.0,-0.25,1.5,0.002596851129042085,0.0005731067824614492,0.1487886097178942,0.03283659984536323,0.00977878410904853,-0.053925368487950376,0.14313364407852816,0.09465392534882179,-0.004123818469682515,-0.007891957015508185,False
242,0.242,c:\Users\User\Desktop\Github\activeVision\data\renders\airplane_demo\motion_sequence\frames\frame_00242.png,0.0,-0.25,1.5,0.002656495126626977,0.0007646752227331091,0.152205959052797,0.04381266296083334,0.007538438456898868,-0.05217672219631521,0.14313364407852816,0.09465392534882179,0.0015338765173699529,0.0013354598083267465,False
243,0.243,c:\Users\User\Desktop\Github\activeVision\data\renders\airplane_demo\motion_sequence\frames\frame_00243.png,0.0,-0.25,1.5,0.0026859070214185097,0.0006401175472886261,0.1538911364918346,0.03667603385190417,0.0040184575267764545,-0.05615721769509401,0.14313364407852816,0.09465392534882179,0.006739034886529984,-0.0018206738018236072,False
244,0.244,c:\Users\User\Desktop\Github\activeVision\data\renders\airplane_demo\motion_sequence\frames\frame_00244.png,0.0,-0.25,1.5,0.0026397082499217154,0.0005734832270728377,0.15124414186637902,0.032858168532816236,0.0002127786770055153,-0.060757059128343505,0.14313364407852816,0.09465392534882179,0.007897719110845346,-0.0010386976876620578,False
245,0.245,c:\Users\User\Desktop\Github\activeVision\data\renders\airplane_demo\motion_sequence\frames\frame_00245.png,0.0,-0.25,1.5,0.002470699603225581,0.0005021028017175106,0.14156065970947285,0.028768371420107377,-0.0029010514451638294,-0.06258547166083679,0.14313364407852816,0.09465392534882179,0.001328067076108519,-0.0033000822678776226,False
246,0.246,c:\Users\User\Desktop\Github\activeVision\data\renders\airplane_demo\motion_sequence\frames\frame_00246.png,0.0,-0.25,1.5,0.0024634972060510463,0.0005978985381963458,0.1411479927489951,0.03425706281569206,-0.005570870169177339,-0.06314952261446573,0.14313364407852816,0.09465392534882179,0.0035852188396442507,0.0027526600813359853,False
247,0.247,c:\Users\User\Desktop\Github\activeVision\data\renders\airplane_demo\motion_sequence\frames\frame_00247.png,0.0,-0.25,1.5,0.002401759627954771,0.0003447198977058403,0.1376106900867192,0.019750995252726118,-0.006943360958189239,-0.0682347536685461,0.14313364407852816,0.09465392534882179,0.0014204069663802566,-0.006668176427549569,False
248,0.248,c:\Users\User\Desktop\Github\activeVision\data\renders\airplane_demo\motion_sequence\frames\frame_00248.png,0.0,-0.25,1.5,0.002487891377703499,0.0004492984858729197,0.14254567582939828,0.025742906982136538,-0.006185503289240806,-0.07000468151607814,0.14313364407852816,0.09465392534882179,0.005597535040110945,0.0010936631493928815,False
249,0.249,c:\Users\User\Desktop\Github\activeVision\data\renders\airplane_demo\motion_sequence\frames\frame_00249.png,0.0,-0.25,1.5,0.0025412746383131337,0.00011966799348573894,0.14560431135897733,0.00685647096953187,-0.0020747347707613705,-0.07282244047996628,0.14313364407852816,0.09465392534882179,0.004545402051210556,-0.014975013899323646,False
250,0.25,c:\Users\User\Desktop\Github\activeVision\data\renders\airplane_demo\motion_sequence\frames\frame_00250.png,0.0,-0.25,1.5,0.0024188080268281323,0.0004414671788607355,0.13858749138961837,0.025294206142267177,-0.0023395469060700043,-0.0681957672531955,0.14313364407852816,0.09465392534882179,-0.002206605782839769,-0.0011639519533591226,False
251,0.251,c:\Users\User\Desktop\Github\activeVision\data\renders\airplane_demo\motion_sequence\frames\frame_00251.png,0.0,-0.25,1.5,0.0023004908603908606,0.0005702489371084342,0.1318084171088158,0.0326728573681344,-0.006248693249781599,-0.0675768897830148,0.14313364407852816,0.09465392534882179,-0.005076533719930763,0.005595821802327412,False
252,0.252,c:\Users\User\Desktop\Github\activeVision\data\renders\airplane_demo\motion_sequence\frames\frame_00252.png,0.0,-0.25,1.5,0.002627291696505945,0.0005438916729607156,0.15053272575955662,0.03116269737295864,-0.006310388381407568,-0.06866716792965408,0.14313364407852816,0.09465392534882179,0.01370947006243601,0.00517593995379092,False
253,0.253,c:\Users\User\Desktop\Github\activeVision\data\renders\airplane_demo\motion_sequence\frames\frame_00253.png,0.0,-0.25,1.5,0.0024119562979082005,0.0004896321272738778,0.13819491624013855,0.028053854406805565,-0.008637312505194426,-0.06366691867818301,0.14313364407852816,0.09465392534882179,0.0036985846668048184,-0.0029331522638332145,False
254,0.254,c:\Users\User\Desktop\Github\activeVision\data\renders\airplane_demo\motion_sequence\frames\frame_00254.png,0.0,-0.25,1.5,0.0022301149249869946,0.0006611641637854414,0.12777617303088898,0.037881916150202095,-0.011450880470148453,-0.061261180694415725,0.14313364407852816,0.09465392534882179,-0.003906590577490745,0.004489171495796026,False
255,0.255,c:\Users\User\Desktop\Github\activeVision\data\renders\airplane_demo\motion_sequence\frames\frame_00255.png,0.0,-0.25,1.5,0.0020664200644795877,0.00044290104055620455,0.11839714839583182,0.02537636036582303,-0.014937087559232272,-0.06551893669965896,0.14313364407852816,0.09465392534882179,-0.009799408123464066,-0.0037586282833398112,False
256,0.256,c:\Users\User\Desktop\Github\activeVision\data\renders\airplane_demo\motion_sequence\frames\frame_00256.png,0.0,-0.25,1.5,0.0022764151903315716,0.00046358271474249293,0.13042898282546905,0.026561333009962013,-0.01603402589523386,-0.06955485766947009,0.14313364407852816,0.09465392534882179,0.003329364642174752,0.001462265330610306,False
257,0.257,c:\Users\User\Desktop\Github\activeVision\data\renders\airplane_demo\motion_sequence\frames\frame_00257.png,0.0,-0.25,1.5,0.0020568774127911957,0.00047113074612247554,0.11785039472872356,0.026993803351667324,-0.018871160300134908,-0.06796640097136482,0.14313364407852816,0.09465392534882179,-0.006412089049669701,0.00030627897421034043,False
258,0.258,c:\Users\User\Desktop\Github\activeVision\data\renders\airplane_demo\motion_sequence\frames\frame_00258.png,0.0,-0.25,1.5,0.002254820085639858,0.0004281499522720161,0.1291916744684907,0.024531185263914155,-0.012941206257536716,-0.06613292130421955,0.14313364407852816,0.09465392534882179,-0.001000763352500772,-0.00398981878068809,False
259,0.259,c:\Users\User\Desktop\Github\activeVision\data\renders\airplane_demo\motion_sequence\frames\frame_00259.png,0.0,-0.25,1.5,0.0023614693998915467,0.0004395573426240143,0.1353022300630769,0.025184780586341906,-0.009511091172904631,-0.06417174647173346,0.14827188505880026,0.09001579839998061,-0.0034585638228187485,-0.0006592713419052474,True
260,0.26,c:\Users\User\Desktop\Github\activeVision\data\renders\airplane_demo\motion_sequence\frames\frame_00260.png,0.0,-0.25,1.5,0.0026093888089963194,0.0006098399402972613,0.1495069658641576,0.03494125475754317,-0.007498165020144377,-0.06171173835462263,0.15341012603907236,0.08537767145113943,0.0035950048452295844,0.011275321661026376,True
261,0.261,c:\Users\User\Desktop\Github\activeVision\data\renders\airplane_demo\motion_sequence\frames\frame_00261.png,0.0,-0.25,1.5,0.0026259185100126013,0.0004962027829084852,0.15045404796900366,0.02843032524330242,-0.004002809432603929,-0.06394997288194075,0.1585483670193445,0.08073954450229825,-0.0040915096177368895,0.011640753622944915,True
262,0.262,c:\Users\User\Desktop\Github\activeVision\data\renders\airplane_demo\motion_sequence\frames\frame_00262.png,0.0,-0.25,1.5,0.00290454405097879,0.0003594613458691528,0.1664181155309157,0.020595618016394805,-0.005992787907482681,-0.06408237890954023,0.1636866079996166,0.07610141755345706,0.008724295438781796,0.008576579372477971,True
263,0.263,c:\Users\User\Desktop\Github\activeVision\data\renders\airplane_demo\motion_sequence\frames\frame_00263.png,0.0,-0.25,1.5,0.0026964048624076994,6.222094310223762e-05,0.15449261847451462,0.003564997437081847,-0.006156683994970707,-0.0633565496649236,0.1688248489798887,0.07146329060461588,-0.008175546510403342,-0.004541743502610438,True
264,0.264,c:\Users\User\Desktop\Github\activeVision\data\renders\airplane_demo\motion_sequence\frames\frame_00264.png,0.0,-0.25,1.5,0.00288143433246911,7.353252588703809e-05,0.16509402619457567,0.004213103390263752,-0.007252461385299742,-0.0633735301733896,0.1739630899601608,0.0668251636557747,-0.0016166023802853956,0.0007614699078786597,True
265,0.265,c:\Users\User\Desktop\Github\activeVision\data\renders\airplane_demo\motion_sequence\frames\frame_00265.png,0.0,-0.25,1.5,0.0031410779566146,3.7639926977315895e-06,0.17997051003559328,0.00021566089569808106,-0.0006743568436134958,-0.06198050759069252,0.1791013309404329,0.06218703670693352,0.0015435359387738774,9.131779457083267e-06,True
266,0.266,c:\Users\User\Desktop\Github\activeVision\data\renders\airplane_demo\motion_sequence\frames\frame_00266.png,0.0,-0.25,1.5,0.0031083124555073166,-2.374802592554901e-05,0.1780931851085147,-0.0013606616573012189,-0.0011900796586128148,-0.058281673790063264,0.184239571920705,0.057548909758092334,-0.004956307153577475,-0.0006278976253302895,True
267,0.267,c:\Users\User\Desktop\Github\activeVision\data\renders\airplane_demo\motion_sequence\frames\frame_00267.png,0.0,-0.25,1.5,0.003237509895784297,-8.848284093260778e-06,0.18549565316027922,-0.0005069693344765831,-0.004477411351866062,-0.05802028468429308,0.1893778129009771,0.05291078280925116,0.0005952516111681455,0.0046025325405653385,True
268,0.268,c:\Users\User\Desktop\Github\activeVision\data\renders\airplane_demo\motion_sequence\frames\frame_00268.png,0.0,-0.25,1.5,0.0035210782633862325,3.212811090900548e-06,0.20174292382728437,0.00018408051588142329,-0.0008844264894166009,-0.05603109168439261,0.1945160538812492,0.048272655860409984,0.00811129643545178,0.007942516339864047,True
269,0.269,c:\Users\User\Desktop\Github\activeVision\data\renders\airplane_demo\motion_sequence\frames\frame_00269.png,0.0,-0.25,1.5,0.0033167283453115533,-0.00016886594865335358,0.19003453597776113,-0.009675306161310028,6.16495747487974e-05,-0.05491105109651661,0.19965429486152134,0.043634528911568805,-0.009681408458509002,0.0016012160236377729,True
270,0.27,c:\Users\User\Desktop\Github\activeVision\data\renders\airplane_demo\motion_sequence\frames\frame_00270.png,0.0,-0.25,1.5,0.0035374678958582178,-0.0002826214264504717,0.2026819805956997,-0.01619301493557904,4.637491311526445e-05,-0.05997653673216709,0.20479253584179344,0.038996401962727634,-0.002156930159208992,0.004787119833860413,True
271,0.271,c:\Users\User\Desktop\Github\activeVision\data\renders\airplane_demo\motion_sequence\frames\frame_00271.png,0.0,-0.25,1.5,0.0036413646366794377,-0.0003993548716833451,0.20863482534992017,-0.022881348675444224,-0.003669948065835244,-0.05609768323811296,0.20993077682206554,0.034358275013886455,0.002373996593689894,-0.0011419404512177198,True
272,0.272,c:\Users\User\Desktop\Github\activeVision\data\renders\airplane_demo\motion_sequence\frames\frame_00272.png,0.0,-0.25,1.5,0.0035572448478666044,-0.0002388298802656115,0.20381511647741304,-0.013683944160834327,-0.004096929927371402,-0.05360790192536432,0.21506901780233764,0.02972014806504528,-0.007156971397553182,0.01020380969948471,True
273,0.273,c:\Users\User\Desktop\Github\activeVision\data\renders\airplane_demo\motion_sequence\frames\frame_00273.png,0.0,-0.25,1.5,0.0038357783613433595,-0.0004689956064531295,0.21977391125258133,-0.026871468859942838,-0.006537188515974836,-0.055903751651205584,0.22020725878260974,0.025082021116204105,0.00610384098594642,0.003950261675058645,True
274,0.274,c:\Users\User\Desktop\Github\activeVision\data\renders\airplane_demo\motion_sequence\frames\frame_00274.png,0.0,-0.25,1.5,0.003921169550133253,-0.0006755093538177176,0.22466646597784704,-0.03870383499536466,-0.0025610134290254033,-0.05276580842961214,0.22534549976288187,0.020443894167362926,0.0018819796439905748,-0.006381920733115445,True
275,0.275,c:\Users\User\Desktop\Github\activeVision\data\renders\airplane_demo\motion_sequence\frames\frame_00275.png,0.0,-0.25,1.5,0.003951744729819286,-0.0008138232452181165,0.22641829473171088,-0.046628637220638335,-0.0039795331591414105,-0.052170490335746965,0.23048374074315398,0.01580576721852175,-8.591285230170558e-05,-0.010263914103413116,True
276,0.276,c:\Users\User\Desktop\Github\activeVision\data\renders\airplane_demo\motion_sequence\frames\frame_00276.png,0.0,-0.25,1.5,0.004225374760466113,-0.0007138173380326907,0.24209614063580948,-0.0408987208125364,-0.000846317081076445,-0.04697706294983259,0.23562198172342608,0.011167640269680574,0.007320475993459798,-0.005089298132384388,False
277,0.277,c:\Users\User\Desktop\Github\activeVision\data\renders\airplane_demo\motion_sequence\frames\frame_00277.png,0.0,-0.25,1.5,0.003951149322979033,-0.0007005118607122963,0.2263841804326712,-0.040136373117670765,0.0004615832581391859,-0.053356557203587354,0.23562198172342608,0.011167640269680574,-0.009699384548894057,0.002052543816236017,False
278,0.278,c:\Users\User\Desktop\Github\activeVision\data\renders\airplane_demo\motion_sequence\frames\frame_00278.png,0.0,-0.25,1.5,0.004056896612233494,-0.000677551314184879,0.2324430538019009,-0.038820830706336,0.003949322324008502,-0.04948259201079514,0.23562198172342608,0.011167640269680574,-0.007128250245533708,-0.0005058789652214283,False
279,0.279,c:\Users\User\Desktop\Github\activeVision\data\renders\airplane_demo\motion_sequence\frames\frame_00279.png,0.0,-0.25,1.5,0.004225032892364226,-0.0004642888481786353,0.24207655303642117,-0.026601791475626038,0.0031443669014536565,-0.0483775145336543,0.23562198172342608,0.011167640269680574,0.0033102044115414743,0.010608082788347685,False
280,0.28,c:\Users\User\Desktop\Github\activeVision\data\renders\airplane_demo\motion_sequence\frames\frame_00280.png,0.0,-0.25,1.5,0.004174423716687752,-0.0006451960257505315,0.23917686086552306,-0.036967009234119434,0.005127519466820308,-0.04954396705857195,0.23562198172342608,0.011167640269680574,-0.0015726403247233118,0.001409317554771937,False
281,0.281,c:\Users\User\Desktop\Github\activeVision\data\renders\airplane_demo\motion_sequence\frames\frame_00281.png,0.0,-0.25,1.5,0.004236595379270748,-0.0008081667887616627,0.24273903473684014,-0.046304546138684004,0.005669853245911118,-0.05642366113350267,0.23562198172342608,0.011167640269680574,0.0014471997675029654,-0.0010485252748619084,False
282,0.28200000000000003,c:\Users\User\Desktop\Github\activeVision\data\renders\airplane_demo\motion_sequence\frames\frame_00282.png,0.0,-0.25,1.5,0.004335094200417604,-0.0008725874682100639,0.24838260147556893,-0.04999557918444255,0.005245992320133527,-0.06027687161406821,0.23562198172342608,0.011167640269680574,0.00751462743200931,-0.0008863478400549183,False
283,0.28300000000000003,c:\Users\User\Desktop\Github\activeVision\data\renders\airplane_demo\motion_sequence\frames\frame_00283.png,0.0,-0.25,1.5,0.004058333464014136,-0.0008152026133350521,0.23252537934471756,-0.04670766919213365,0.003679615065676816,-0.06210005829849851,0.23562198172342608,0.011167640269680574,-0.006776217444385317,0.004224748836684287,False
284,0.28400000000000003,c:\Users\User\Desktop\Github\activeVision\data\renders\airplane_demo\motion_sequence\frames\frame_00284.png,0.0,-0.25,1.5,0.004174727076016441,-0.0009228790042773478,0.23919424207473286,-0.05287707194632788,0.004013850481116857,-0.05633736902812756,0.23562198172342608,0.011167640269680574,-0.00044159012981006684,-0.00770734318788089,False
285,0.28500000000000003,c:\Users\User\Desktop\Github\activeVision\data\renders\airplane_demo\motion_sequence\frames\frame_00285.png,0.0,-0.25,1.5,0.004322323935986215,-0.0007818975652400692,0.24765091922038432,-0.04479943049981091,0.008302770010932584,-0.05196323802519449,0.23562198172342608,0.011167640269680574,0.0037261674860256566,-0.004003832744296991,False
286,0.28600000000000003,c:\Users\User\Desktop\Github\activeVision\data\renders\airplane_demo\motion_sequence\frames\frame_00286.png,0.0,-0.25,1.5,0.004240309234125845,-0.0007531277124945611,0.24295182294576137,-0.043151039360280426,0.00597419909183876,-0.056791178283502615,0.23562198172342608,0.011167640269680574,0.0013556421304965491,0.002472498653541616,False
287,0.28700000000000003,c:\Users\User\Desktop\Github\activeVision\data\renders\airplane_demo\motion_sequence\frames\frame_00287.png,0.0,-0.25,1.5,0.00435808670626018,-0.0008541732696715278,0.24969997502077845,-0.048940523325068465,0.01033162390201903,-0.05478530437372216,0.23562198172342608,0.011167640269680574,0.0037463693953333132,-0.0053228592210268775,False
288,0.28800000000000003,c:\Users\User\Desktop\Github\activeVision\data\renders\airplane_demo\motion_sequence\frames\frame_00288.png,0.0,-0.25,1.5,0.00428288313379344,-0.0007317643818343325,0.24539112771412802,-0.0419270106771069,0.010228228498171952,-0.05840408903766091,0.23562198172342608,0.011167640269680574,-0.0004590825074700633,0.005309438090873438,False
289,0.289,c:\Users\User\Desktop\Github\activeVision\data\renders\airplane_demo\motion_sequence\frames\frame_00289.png,0.0,-0.25,1.5,0.004392475365917666,-0.0008352421513632876,0.25167030008226415,-0.04785585014454346,0.01640287053986883,-0.061659668526338494,0.23562198172342608,0.011167640269680574,-0.00035455218103069434,0.0026361781121144617,False
290,0.29,c:\Users\User\Desktop\Github\activeVision\data\renders\airplane_demo\motion_sequence\frames\frame_00290.png,0.0,-0.25,1.5,0.004463600307010252,-0.0007844056155675381,0.25574545902498597,-0.044943131198381274,0.018150100186795734,-0.06057240503345071,0.23562198172342608,0.011167640269680574,0.0019733771147641384,0.004461633565388859,False
291,0.291,c:\Users\User\Desktop\Github\activeVision\data\renders\airplane_demo\motion_sequence\frames\frame_00291.png,0.0,-0.25,1.5,0.004346962560602583,-0.0007328353878381508,0.24906260842390934,-0.041988374800958864,0.016609927689456228,-0.05463791026267909,0.23562198172342608,0.011167640269680574,-0.0031693009889729546,0.0014818951920396578,False
292,0.292,c:\Users\User\Desktop\Github\activeVision\data\renders\airplane_demo\motion_sequence\frames\frame_00292.png,0.0,-0.25,1.5,0.004348987744014298,-0.0006910330318794707,0.24917864288614056,-0.03959327623082294,0.015837159237037438,-0.058739428704995544,0.23562198172342608,0.011167640269680574,-0.002280498074322944,0.00797851220449203,False
293,0.293,c:\Users\User\Desktop\Github\activeVision\data\renders\airplane_demo\motion_sequence\frames\frame_00293.png,0.0,-0.25,1.5,0.004505207667662674,-0.0008352007787519366,0.2581293851870484,-0.04785347966852561,0.021844756189356947,-0.060440553086467716,0.23562198172342608,0.011167640269680574,0.0006626472742654074,0.0014194331482615295,False
294,0.294,c:\Users\User\Desktop\Github\activeVision\data\renders\airplane_demo\motion_sequence\frames\frame_00294.png,0.0,-0.25,1.5,0.0044789534640226215,-0.000913446031880922,0.2566251301239964,-0.052336602439749275,0.025646869828998168,-0.05788433850160059,0.23562198172342608,0.011167640269680574,-0.004643721428427833,-0.005619904207829259,False
295,0.295,c:\Users\User\Desktop\Github\activeVision\data\renders\airplane_demo\motion_sequence\frames\frame_00295.png,0.0,-0.25,1.5,0.00462488941139995,-0.0007129309165992253,0.2649866439879606,-0.040847932605528894,0.025454815497656224,-0.05691349851919993,0.23562198172342608,0.011167640269680574,0.00390984676687827,0.004897925643990463,False
296,0.296,c:\Users\User\Desktop\Github\activeVision\data\renders\airplane_demo\motion_sequence\frames\frame_00296.png,0.0,-0.25,1.5,0.004528045734073068,-0.0007217340607308959,0.2594379100046035,-0.04135231561071898,0.01824558540739251,-0.05420317752011105,0.23562198172342608,0.011167640269680574,0.0055703428737848655,0.0016832216397114931,False
297,0.297,c:\Users\User\Desktop\Github\activeVision\data\renders\airplane_demo\motion_sequence\frames\frame_00297.png,0.0,-0.25,1.5,0.004300895908588913,-0.0006838563284154882,0.24642318368722824,-0.039182081411519826,0.020137264860753613,-0.055825954764723275,0.23562198172342608,0.011167640269680574,-0.009336062896951493,0.005476233083522874,False
298,0.298,c:\Users\User\Desktop\Github\activeVision\data\renders\airplane_demo\motion_sequence\frames\frame_00298.png,0.0,-0.25,1.5,0.0045928443811718124,-0.0009914552772352645,0.2631505990015192,-0.05680620296155362,0.01914474864483116,-0.06359319564921415,0.23562198172342608,0.011167640269680574,0.008383868633261935,-0.0043806475820200525,False
299,0.299,c:\Users\User\Desktop\Github\activeVision\data\renders\airplane_demo\motion_sequence\frames\frame_00299.png,0.0,-0.25,1.5,0.004478783600381002,-0.0009257948826893003,0.2566153976542389,-0.053044139472906066,0.02278287830220941,-0.06584246200255131,0.23562198172342608,0.011167640269680574,-0.001789462371396637,0.0016306822599646738,False
300,0.3,c:\Users\User\Desktop\Github\activeVision\data\renders\airplane_demo\motion_sequence\frames\frame_00300.png,0.0,-0.25,1.5,0.004535906378104921,-0.0009676841797573688,0.2598882917318834,-0.055444219401676126,0.023183531690342814,-0.0655316681540674,0.23562198172342608,0.011167640269680574,0.0010827783181144512,-0.0010801915172893083,False
301,0.301,c:\Users\User\Desktop\Github\activeVision\data\renders\airplane_demo\motion_sequence\frames\frame_00301.png,0.0,-0.25,1.5,0.0044590850905309575,-0.0010589994254219036,0.25548675617713446,-0.06067619758345425,0.0213793875708829,-0.06632907069670754,0.23562198172342608,0.011167640269680574,-0.0015146131171745183,-0.005514767156427282,False
302,0.302,c:\Users\User\Desktop\Github\activeVision\data\renders\airplane_demo\motion_sequence\frames\frame_00302.png,0.0,-0.25,1.5,0.004451522321027639,-0.0009744705789210871,0.25505344140316405,-0.055833051431848295,0.01975160441733138,-0.0660823921303522,0.23562198172342608,0.011167640269680574,-0.0003201447375934158,-0.0009182995711766638,False
303,0.303,c:\Users\User\Desktop\Github\activeVision\data\renders\airplane_demo\motion_sequence\frames\frame_00303.png,0.0,-0.25,1.5,0.004332385254967198,-0.0009555393399019497,0.2482273903343295,-0.054748371335098335,0.021354954038047873,-0.06363898614850708,0.23562198172342608,0.011167640269680574,-0.008749545427144474,-0.0022770254562718343,False
304,0.304,c:\Users\User\Desktop\Github\activeVision\data\renders\airplane_demo\motion_sequence\frames\frame_00304.png,0.0,-0.25,1.5,0.004549473962618126,-0.0009632967452122762,0.2606656570626771,-0.055192837919352415,0.02347191779915385,-0.06209279417747586,0.23562198172342608,0.011167640269680574,0.0015717575400971302,-0.0042676840115571345,False
305,0.305,c:\Users\User\Desktop\Github\activeVision\data\renders\airplane_demo\motion_sequence\frames\frame_00305.png,0.0,-0.25,1.5,0.004584625947944766,-0.0010885128395474249,0.26267971746339935,-0.06236719165186841,0.027139611396176273,-0.06617156080011567,0.23562198172342608,0.011167640269680574,-8.18756562029981e-05,-0.007363271121433319,False
306,0.306,c:\Users\User\Desktop\Github\activeVision\data\renders\airplane_demo\motion_sequence\frames\frame_00306.png,0.0,-0.25,1.5,0.004459667132646778,-0.0009221729271981324,0.2555201047338698,-0.05283661670967791,0.025951134994515384,-0.06256030556056447,0.23562198172342608,0.011167640269680574,-0.006053011984071633,-0.0014439514187940233,False
307,0.307,c:\Users\User\Desktop\Github\activeVision\data\renders\airplane_demo\motion_sequence\frames\frame_00307.png,0.0,-0.25,1.5,0.004592131490596617,-0.0010106001315734656,0.26310975338030584,-0.05790312231452527,0.023496910118890716,-0.06631210549825024,0.23562198172342608,0.011167640269680574,0.003990861537989027,-0.0027586570859556105,False
308,0.308,c:\Users\User\Desktop\Github\activeVision\data\renders\airplane_demo\motion_sequence\frames\frame_00308.png,0.0,-0.25,1.5,0.004560663540820667,-0.000852403597287942,0.2613067726682143,-0.04883912856636814,0.025067778889825375,-0.0674731865430088,0.23562198172342608,0.011167640269680574,0.0006170120549628426,0.007466417706960085,False
309,0.309,c:\Users\User\Desktop\Github\activeVision\data\renders\airplane_demo\motion_sequence\frames\frame_00309.png,0.0,-0.25,1.5,0.004557168051059774,-0.0010757282328170946,0.2611064958575839,-0.06163468764348594,0.02659045548534146,-0.07047052586862847,0.23562198172342608,0.011167640269680574,-0.0011059413511836638,-0.0023318020445380516,False
310,0.31,c:\Users\User\Desktop\Github\activeVision\data\renders\airplane_demo\motion_sequence\frames\frame_00310.png,0.0,-0.25,1.5,0.004497403534838874,-0.0011578061014417597,0.2576822413134852,-0.06633740310710849,0.024071171412781492,-0.07054930665629774,0.23562198172342608,0.011167640269680574,-0.002010911822722397,-0.006955736720491322,False
311,0.311,c:\Users\User\Desktop\Github\activeVision\data\renders\airplane_demo\motion_sequence\frames\frame_00311.png,0.0,-0.25,1.5,0.0046336271528191805,-0.0010452956302604067,0.2654872796937592,-0.05989102795738868,0.018949654533572922,-0.07016535318025377,0.23562198172342608,0.011167640269680574,0.010915643436760202,-0.0008933150468154877,False
312,0.312,c:\Users\User\Desktop\Github\activeVision\data\renders\airplane_demo\motion_sequence\frames\frame_00312.png,0.0,-0.25,1.5,0.0045032970264902,-0.0010046345632990534,0.2580199135117017,-0.05756132043000431,0.022013926771087763,-0.06657974201329608,0.23562198172342608,0.011167640269680574,0.0003840050171878832,-0.0021492186863887983,False
313,0.313,c:\Users\User\Desktop\Github\activeVision\data\renders\airplane_demo\motion_sequence\frames\frame_00313.png,0.0,-0.25,1.5,0.004710329511020318,-0.0010555018028900669,0.269882001097385,-0.06047579857405015,0.027339404403440664,-0.07110503852706285,0.23562198172342608,0.011167640269680574,0.006920614970518252,-0.000538400316667869,False
314,0.314,c:\Users\User\Desktop\Github\activeVision\data\renders\airplane_demo\motion_sequence\frames\frame_00314.png,0.0,-0.25,1.5,0.004609166525706568,-0.001009333222504896,0.2640857889959632,-0.057830533771869384,0.025626591904104757,-0.07040639061622725,0.23562198172342608,0.011167640269680574,0.0028372153684323963,0.001408216574677283,False
315,0.315,c:\Users\User\Desktop\Github\activeVision\data\renders\airplane_demo\motion_sequence\frames\frame_00315.png,0.0,-0.25,1.5,0.004565857905828016,-0.0009084995612187906,0.2616043878603858,-0.052053190547323866,0.027876865263197978,-0.06756928744823125,0.23562198172342608,0.011167640269680574,-0.0018944591262382525,0.0043484566312268075,False
316,0.316,c:\Users\User\Desktop\Github\activeVision\data\renders\airplane_demo\motion_sequence\frames\frame_00316.png,0.0,-0.25,1.5,0.0047075976280588645,-0.001046989545454085,0.26972547573357003,-0.059988082148839536,0.02934272533663966,-0.0668654871231862,0.23562198172342608,0.011167640269680574,0.004760768673504299,-0.004290235295333917,False
317,0.317,c:\Users\User\Desktop\Github\activeVision\data\renders\airplane_demo\motion_sequence\frames\frame_00317.png,0.0,-0.25,1.5,0.004468247279870582,-0.0010529890222456862,0.2560117109573947,-0.060331826848284975,0.025661892100208337,-0.07032653150524053,0.23562198172342608,0.011167640269680574,-0.005272162866239707,-0.0011729356127250317,False
318,0.318,c:\Users\User\Desktop\Github\activeVision\data\renders\airplane_demo\motion_sequence\frames\frame_00318.png,0.0,-0.25,1.5,0.004547125461695237,-0.0008725558746307711,0.26053109787161294,-0.049993769005689366,0.025105457202953884,-0.06723335100961339,0.23562198172342608,0.011167640269680574,-0.00019634105476702983,0.006071941734243453,False
319,0.319,c:\Users\User\Desktop\Github\activeVision\data\renders\airplane_demo\motion_sequence\frames\frame_00319.png,0.0,-0.25,1.5,0.004762315091355459,-0.001103004639718507,0.2728605554461269,-0.06319751063921838,0.02845015648952569,-0.0660054150263039,0.23562198172342608,0.011167640269680574,0.008788417233175087,-0.008359735882595053,False
320,0.32,c:\Users\User\Desktop\Github\activeVision\data\renders\airplane_demo\motion_sequence\frames\frame_00320.png,0.0,-0.25,1.5,0.004683488739838546,-0.000912586246278611,0.2683441381897931,-0.052287340353450736,0.031393112315161245,-0.06448088136036631,0.23562198172342608,0.011167640269680574,0.001329044151205733,0.0010259007372350065,False
321,0.321,c:\Users\User\Desktop\Github\activeVision\data\renders\airplane_demo\motion_sequence\frames\frame_00321.png,0.0,-0.25,1.5,0.00472320520817633,-0.0009863138607848613,0.2706197242027131,-0.05651162149822639,0.034185476302567894,-0.06794001572631818,0.23562198172342608,0.011167640269680574,0.0008122661767191109,0.0002607539584112265,False
322,0.322,c:\Users\User\Desktop\Github\activeVision\data\renders\airplane_demo\motion_sequence\frames\frame_00322.png,0.0,-0.25,1.5,0.0047831626456210806,-0.0008740406084533092,0.274055032318717,-0.05007883798742112,0.034676456789587015,-0.06316871677580259,0.23562198172342608,0.011167640269680574,0.0037565938057038256,0.0019222385187008888,False
323,0.323,c:\Users\User\Desktop\Github\activeVision\data\renders\airplane_demo\motion_sequence\frames\frame_00323.png,0.0,-0.25,1.5,0.004801648182254918,-0.0008657639777162278,0.27511417554987033,-0.04960462197759811,0.04177614399660847,-0.06737527673029936,0.23562198172342608,0.011167640269680574,-0.002283950170164211,0.006603014483020674,False
324,0.324,c:\Users\User\Desktop\Github\activeVision\data\renders\airplane_demo\motion_sequence\frames\frame_00324.png,0.0,-0.25,1.5,0.004874118750722848,-0.0008560303686894769,0.27926643326199657,-0.04904692726093483,0.03931638828410083,-0.06240144773175035,0.23562198172342608,0.011167640269680574,0.004328063254469681,0.0021868802011349355,False
325,0.325,c:\Users\User\Desktop\Github\activeVision\data\renders\airplane_demo\motion_sequence\frames\frame_00325.png,0.0,-0.25,1.5,0.00468545337499707,-0.0008669374201220419,0.26845670349265954,-0.04967185527495293,0.034647853717291004,-0.06185499921111532,0.23562198172342608,0.011167640269680574,-0.0018131319480575341,0.0010155036664818173,False
326,0.326,c:\Users\User\Desktop\Github\activeVision\data\renders\airplane_demo\motion_sequence\frames\frame_00326.png,0.0,-0.25,1.5,0.0045657867372713296,-0.0009273846809751236,0.2616003102024536,-0.053135228204960874,0.03372123958038341,-0.059002582344488,0.23562198172342608,0.011167640269680574,-0.00774291110135588,-0.005300286130153446,False
327,0.327,c:\Users\User\Desktop\Github\activeVision\data\renders\airplane_demo\motion_sequence\frames\frame_00327.png,0.0,-0.25,1.5,0.004678359010945805,-0.000821817701938333,0.26805022637419273,-0.047086685850206735,0.029899514410033617,-0.059951873477785814,0.23562198172342608,0.011167640269680574,0.0025287302407330653,0.0016975473578985075,False
328,0.328,c:\Users\User\Desktop\Github\activeVision\data\renders\airplane_demo\motion_sequence\frames\frame_00328.png,0.0,-0.25,1.5,0.0047778373490957975,-0.0008030931644824001,0.27374991530316256,-0.04601384888064715,0.026043370230575662,-0.05284438191881522,0.23562198172342608,0.011167640269680574,0.012084563349160844,-0.004337107231512507,False
329,0.329,c:\Users\User\Desktop\Github\activeVision\data\renders\airplane_demo\motion_sequence\frames\frame_00329.png,0.0,-0.25,1.5,0.004573728533635153,-0.0006207923838893324,0.2620553416158531,-0.03556878355072395,0.024339830788967606,-0.04504539744801421,0.23562198172342608,0.011167640269680574,0.0020935291034593967,-0.0016910263723903102,False
330,0.33,c:\Users\User\Desktop\Github\activeVision\data\renders\airplane_demo\motion_sequence\frames\frame_00330.png,0.0,-0.25,1.5,0.0045729153652841505,-0.00038175508889038605,0.262008750501307,-0.0218729554010607,0.021899593769894577,-0.03856215865816034,0.23562198172342608,0.011167640269680574,0.004487175007986325,0.005521562987419061,False
331,0.331,c:\Users\User\Desktop\Github\activeVision\data\renders\airplane_demo\motion_sequence\frames\frame_00331.png,0.0,-0.25,1.5,0.004371844766169239,-0.0005580318688216806,0.25048825378785566,-0.03197287091728029,0.01886418940346815,-0.044253834530723415,0.23562198172342608,0.011167640269680574,-0.0039979173390385665,0.0011133233437625545,False
332,0.332,c:\Users\User\Desktop\Github\activeVision\data\renders\airplane_demo\motion_sequence\frames\frame_00332.png,0.0,-0.25,1.5,0.004544186963210036,-0.0005203274891254225,0.2603627343103053,-0.029812569091525947,0.01987051579497959,-0.0448209742532224,0.23562198172342608,0.011167640269680574,0.004870236791899609,0.0038407648920158826,False
333,0.333,c:\Users\User\Desktop\Github\activeVision\data\renders\airplane_demo\motion_sequence\frames\frame_00333.png,0.0,-0.25,1.5,0.004494830348230731,-0.0006849267329534554,0.25753480858093897,-0.039243411073916996,0.02100677847040463,-0.04667187560754302,0.23562198172342608,0.011167640269680574,0.000906048387108283,-0.003739175736054551,False
334,0.334,c:\Users\User\Desktop\Github\activeVision\data\renders\airplane_demo\motion_sequence\frames\frame_00334.png,0.0,-0.25,1.5,0.0044025832451227275,-0.0007366796157223825,0.25224943890054224,-0.04220863283421184,0.019276090839268543,-0.04298593233223139,0.23562198172342608,0.011167640269680574,-0.0026486336621523573,-0.010390340771661028,False
335,0.335,c:\Users\User\Desktop\Github\activeVision\data\renders\airplane_demo\motion_sequence\frames\frame_00335.png,0.0,-0.25,1.5,0.004446761689785415,-0.00040805951748521674,0.2547806773251665,-0.02338008814204774,0.02103848199024863,-0.045695720810842,0.23562198172342608,0.011167640269680574,-0.0018797863885082,0.011147992399113684,False
336,0.336,c:\Users\User\Desktop\Github\activeVision\data\renders\airplane_demo\motion_sequence\frames\frame_00336.png,0.0,-0.25,1.5,0.004239417669185944,-0.0005435456696892957,0.24290074003754322,-0.031142872845808557,0.021375215506271025,-0.04298716870750122,0.23562198172342608,0.011167640269680574,-0.014096457192153859,0.0006766555920120837,False
337,0.337,c:\Users\User\Desktop\Github\activeVision\data\renders\airplane_demo\motion_sequence\frames\frame_00337.png,0.0,-0.25,1.5,0.004386429438828021,-0.00065731030680256,0.2513238939767837,-0.03766110641023597,0.022161104776576568,-0.04082626980067453,0.23562198172342608,0.011167640269680574,-0.00645919252321897,-0.008002476879242014,False
338,0.338,c:\Users\User\Desktop\Github\activeVision\data\renders\airplane_demo\motion_sequence\frames\frame_00338.png,0.0,-0.25,1.5,0.004482046292503278,-0.0005439961586845515,0.2568023361426959,-0.031168683963953808,0.02382052752069055,-0.0386953970223931,0.23562198172342608,0.011167640269680574,-0.002640173101420778,-0.0036409272112412883,False
339,0.339,c:\Users\User\Desktop\Github\activeVision\data\renders\airplane_demo\motion_sequence\frames\frame_00339.png,0.0,-0.25,1.5,0.004409402235013338,-0.0005941584483032136,0.25264013824181664,-0.034042771449816045,0.018134905072048242,-0.03809805019624356,0.23562198172342608,0.011167640269680574,-0.001116748553657719,-0.007112361523253062,False
340,0.34,c:\Users\User\Desktop\Github\activeVision\data\renders\airplane_demo\motion_sequence\frames\frame_00340.png,0.0,-0.25,1.5,0.004441992220095695,-0.0004674314098834586,0.25450740684143,-0.026781846998171852,0.017539939421697542,-0.03400478212437326,0.23562198172342608,0.011167640269680574,0.0013454856963063307,-0.0039447051434791675,False
341,0.341,c:\Users\User\Desktop\Github\activeVision\data\renders\airplane_demo\motion_sequence\frames\frame_00341.png,0.0,-0.25,1.5,0.004334246327133428,-0.00045713228335347216,0.24833402191482376,-0.026191750515332412,0.011583213040385605,-0.03864259040707886,0.23562198172342608,0.011167640269680574,0.0011288271510120635,0.0012831996220658726,False
342,0.342,c:\Users\User\Desktop\Github\activeVision\data\renders\airplane_demo\motion_sequence\frames\frame_00342.png,0.0,-0.25,1.5,0.004313631584899898,-0.0006322883844055472,0.2471528841890924,-0.03622745586158327,0.010794280644045385,-0.04327225672136164,0.23562198172342608,0.011167640269680574,0.0007366218216209298,-0.004122839409902202,False
343,0.343,c:\Users\User\Desktop\Github\activeVision\data\renders\airplane_demo\motion_sequence\frames\frame_00343.png,0.0,-0.25,1.5,0.004310933373802484,-0.0006172428406755458,0.24699828808097524,-0.035365409705374676,0.014708787268677196,-0.04764899498187879,0.23562198172342608,0.011167640269680574,-0.0033324809111280112,0.0011159450068235356,False
344,0.34400000000000003,c:\Users\User\Desktop\Github\activeVision\data\renders\airplane_demo\motion_sequence\frames\frame_00344.png,0.0,-0.25,1.5,0.004338683930308793,-0.0005218722327493161,0.24858827784792603,-0.029901076381604795,0.015378273056589212,-0.048681017631455284,0.23562198172342608,0.011167640269680574,-0.0024119769320892475,0.007612300980169917,False
345,0.34500000000000003,c:\Users\User\Desktop\Github\activeVision\data\renders\airplane_demo\motion_sequence\frames\frame_00345.png,0.0,-0.25,1.5,0.004277731129774064,-0.0008640062848384237,0.2450959396277833,-0.049503913594019726,0.011535893231405163,-0.054207345073367094,0.23562198172342608,0.011167640269680574,-0.002061935327047921,-0.0064642087903332085,False
346,0.34600000000000003,c:\Users\User\Desktop\Github\activeVision\data\renders\airplane_demo\motion_sequence\frames\frame_00346.png,0.0,-0.25,1.5,0.004288518770675483,-0.0007147057975105265,0.24571402592233735,-0.04094962579088479,0.009278175087104866,-0.055650582322178684,0.23562198172342608,0.011167640269680574,0.0008138691118064315,0.0035333162616133216,False
347,0.34700000000000003,c:\Users\User\Desktop\Github\activeVision\data\renders\airplane_demo\motion_sequence\frames\frame_00347.png,0.0,-0.25,1.5,0.004390164507555769,-0.0010126731341706739,0.251537897651075,-0.05802189661426496,0.0104393998026225,-0.054625336116483285,0.23562198172342608,0.011167640269680574,0.005476516125026456,-0.014564200767462258,False
348,0.34800000000000003,c:\Users\User\Desktop\Github\activeVision\data\renders\airplane_demo\motion_sequence\frames\frame_00348.png,0.0,-0.25,1.5,0.004342855048556698,-0.000858584654171605,0.248827265319381,-0.049193277038732316,0.009349914271739524,-0.059354986688034135,0.23562198172342608,0.011167640269680574,0.0038553693242154097,-0.0010059306203787565,False
349,0.34900000000000003,c:\Users\User\Desktop\Github\activeVision\data\renders\airplane_demo\motion_sequence\frames\frame_00349.png,0.0,-0.25,1.5,0.004244948904118297,-0.0007241831403312879,0.24321765645466237,-0.04149263753551303,0.008064746481834723,-0.05540407209940959,0.23562198172342608,0.011167640269680574,-0.0004690717505984283,0.0027437942942159857,False
350,0.35000000000000003,c:\Users\User\Desktop\Github\activeVision\data\renders\airplane_demo\motion_sequence\frames\frame_00350.png,0.0,-0.25,1.5,0.004324868171821725,-0.0008018043909592823,0.247796693195845,-0.045940007597024296,0.008137150595570802,-0.058893897732868725,0.23562198172342608,0.011167640269680574,0.004037560876848114,0.0017862498661638491,False
351,0.35100000000000003,c:\Users\User\Desktop\Github\activeVision\data\renders\airplane_demo\motion_sequence\frames\frame_00351.png,0.0,-0.25,1.5,0.004162713285537118,-0.0008438566455937997,0.23850590258431323,-0.0483494243065916,0.009090224872805381,-0.05797155364426336,0.23562198172342608,0.011167640269680574,-0.006206304011918231,-0.0015455109320088158,False
352,0.352,c:\Users\User\Desktop\Github\activeVision\data\renders\airplane_demo\motion_sequence\frames\frame_00352.png,0.0,-0.25,1.5,0.00432303817298323,-0.001074570239903062,0.24769184198588537,-0.061568339536805815,0.010382737951832345,-0.06731508125191564,0.23562198172342608,0.011167640269680574,0.0016871223106269696,-0.005420898554570744,False
353,0.353,c:\Users\User\Desktop\Github\activeVision\data\renders\airplane_demo\motion_sequence\frames\frame_00353.png,0.0,-0.25,1.5,0.004221873551538091,-0.0008887905839514953,0.24189553614104028,-0.05092394933138856,0.008143687651999559,-0.06792660514088666,0.23562198172342608,0.011167640269680574,-0.001870133234385362,0.005835015539817533,False
354,0.354,c:\Users\User\Desktop\Github\activeVision\data\renders\airplane_demo\motion_sequence\frames\frame_00354.png,0.0,-0.25,1.5,0.004296004809116939,-0.0009682529743428944,0.24614294433030545,-0.05547680893083663,0.00938306448940114,-0.07028631935852885,0.23562198172342608,0.011167640269680574,0.0011378981174782294,0.003641870158011635,False
355,0.355,c:\Users\User\Desktop\Github\activeVision\data\renders\airplane_demo\motion_sequence\frames\frame_00355.png,0.0,-0.25,1.5,0.004309559788361644,-0.0009651934433479744,0.2469195874324145,-0.055301510717538256,0.011423110915931506,-0.07057910061354207,0.23562198172342608,0.011167640269680574,-0.00012550520694305878,0.0041099496263232345,False
356,0.356,c:\Users\User\Desktop\Github\activeVision\data\renders\airplane_demo\motion_sequence\frames\frame_00356.png,0.0,-0.25,1.5,0.004299470676195926,-0.000983002040740771,0.24634152388628475,-0.05632186818719318,0.008464377367012844,-0.06877057253517754,0.23562198172342608,0.011167640269680574,0.0022551647958457995,0.0012810640783037933,False
357,0.357,c:\Users\User\Desktop\Github\activeVision\data\renders\airplane_demo\motion_sequence\frames\frame_00357.png,0.0,-0.25,1.5,0.00433849219737457,-0.0011148032042478584,0.2485772923600014,-0.06387351859106297,0.008463254911280284,-0.0751684005261707,0.23562198172342608,0.011167640269680574,0.004492055725295021,0.00012724166542716302,False
358,0.358,c:\Users\User\Desktop\Github\activeVision\data\renders\airplane_demo\motion_sequence\frames\frame_00358.png,0.0,-0.25,1.5,0.004420252181134553,-0.0012690172867267197,0.25326179436250656,-0.0727093346585841,0.009839376903474927,-0.07798654697970708,0.23562198172342608,0.011167640269680574,0.007800435735605562,-0.005890427948557592,False
359,0.359,c:\Users\User\Desktop\Github\activeVision\data\renders\airplane_demo\motion_sequence\frames\frame_00359.png,0.0,-0.25,1.5,0.004353009580924517,-0.0011550181529773292,0.24940907716698604,-0.06617766542659664,0.017917649352669304,-0.07929733386029428,0.23562198172342608,0.011167640269680574,-0.004130553909109361,0.0019520281640170694,False
360,0.36,c:\Users\User\Desktop\Github\activeVision\data\renders\airplane_demo\motion_sequence\frames\frame_00360.png,0.0,-0.25,1.5,0.004301166804106231,-0.0012446610565808244,0.24643870485705954,-0.07131382546637499,0.014095831185699067,-0.081274315901092,0.23562198172342608,0.011167640269680574,-0.0032791080520655916,-0.0012071498349635647,False
361,0.361,c:\Users\User\Desktop\Github\activeVision\data\renders\airplane_demo\motion_sequence\frames\frame_00361.png,0.0,-0.25,1.5,0.0044136055033012055,-0.0013396951800183831,0.2528809677748726,-0.07675887964907241,0.017023689776936395,-0.08510557156289206,0.23562198172342608,0.011167640269680574,0.00023529627451012223,-0.0028209483558609308,False
362,0.362,c:\Users\User\Desktop\Github\activeVision\data\renders\airplane_demo\motion_sequence\frames\frame_00362.png,0.0,-0.25,1.5,0.004386276396784328,-0.0012870168432568983,0.25131512531359207,-0.07374063328087048,0.014012442608678405,-0.08470947319307777,0.23562198172342608,0.011167640269680574,0.0016807009814875566,-0.00019880035747328435,False
363,0.363,c:\Users\User\Desktop\Github\activeVision\data\renders\airplane_demo\motion_sequence\frames\frame_00363.png,0.0,-0.25,1.5,0.004461084294209707,-0.0013010482600424196,0.25560130211031384,-0.07454457424326986,0.013408797901335591,-0.08491419306649571,0.23562198172342608,0.011167640269680574,0.006570522485552121,-0.0007980214464547285,False
364,0.364,c:\Users\User\Desktop\Github\activeVision\data\renders\airplane_demo\motion_sequence\frames\frame_00364.png,0.0,-0.25,1.5,0.004189856551398203,-0.0014406301269215508,0.2400610971603549,-0.08254202611200098,0.010318895192430592,-0.08944806787292474,0.23562198172342608,0.011167640269680574,-0.005879779755501784,-0.004261598508756809,False
365,0.365,c:\Users\User\Desktop\Github\activeVision\data\renders\airplane_demo\motion_sequence\frames\frame_00365.png,0.0,-0.25,1.5,0.0043825400602284246,-0.0013560543717770672,0.2511010489980983,-0.0776961922930902,0.010161288545802167,-0.09508968435502868,0.23562198172342608,0.011167640269680574,0.005317778728870081,0.006225851792257892,False
366,0.366,c:\Users\User\Desktop\Github\activeVision\data\renders\airplane_demo\motion_sequence\frames\frame_00366.png,0.0,-0.25,1.5,0.004398118842164301,-0.0015577965143912654,0.2519936474529787,-0.08925516561481012,0.00862261790154542,-0.09435768057178948,0.23562198172342608,0.011167640269680574,0.007749047828007242,-0.006065125312701217,False
367,0.367,c:\Users\User\Desktop\Github\activeVision\data\renders\airplane_demo\motion_sequence\frames\frame_00367.png,0.0,-0.25,1.5,0.0042279744393289975,-0.001413558982764344,0.2422450912627421,-0.08099096380520279,0.007081741933923001,-0.09008743294650158,0.23562198172342608,0.011167640269680574,-0.0004586323946069685,-0.00207117112838178,False
368,0.368,c:\Users\User\Desktop\Github\activeVision\data\renders\airplane_demo\motion_sequence\frames\frame_00368.png,0.0,-0.25,1.5,0.003940301112272096,-0.0012118109352890376,0.22576262374389508,-0.06943165215986277,-0.0004396538770196138,-0.0849560768969278,0.23562198172342608,0.011167640269680574,-0.009419704102511412,0.0043567844673844565,False
369,0.369,c:\Users\User\Desktop\Github\activeVision\data\renders\airplane_demo\motion_sequence\frames\frame_00369.png,0.0,-0.25,1.5,0.004200564166541333,-0.0012859919081966093,0.24067459831670665,-0.07368190882764093,0.0014019899690983475,-0.08601927576639391,0.23562198172342608,0.011167640269680574,0.0036506266241821744,0.0011697266690723998,False
370,0.37,c:\Users\User\Desktop\Github\activeVision\data\renders\airplane_demo\motion_sequence\frames\frame_00370.png,0.0,-0.25,1.5,0.004228706550552795,-0.0011911126501537358,0.24228703814599983,-0.0682457277784516,0.0028624908952112225,-0.08233979156856434,0.23562198172342608,0.011167640269680574,0.0038025655273625208,0.002926423520432154,False
371,0.371,c:\Users\User\Desktop\Github\activeVision\data\renders\airplane_demo\motion_sequence\frames\frame_00371.png,0.0,-0.25,1.5,0.004151892763501343,-0.0012553737937860364,0.23788593233953498,-0.07192762009526642,-0.0009720632761268216,-0.08568616906962316,0.23562198172342608,0.011167640269680574,0.003236013892235724,0.0025909087046761645,False
372,0.372,c:\Users\User\Desktop\Github\activeVision\data\renders\airplane_demo\motion_sequence\frames\frame_00372.png,0.0,-0.25,1.5,0.00405311799454484,-0.0013241575345342364,0.23222655495594755,-0.0758686381392603,0.0015489782933368447,-0.08734817910975302,0.23562198172342608,0.011167640269680574,-0.004944405060815357,0.00031190070081214545,False
373,0.373,c:\Users\User\Desktop\Github\activeVision\data\renders\airplane_demo\motion_sequence\frames\frame_00373.png,0.0,-0.25,1.5,0.004287040641098377,-0.0012453028316915464,0.2456293353359957,-0.0713505964716159,0.004336956143119765,-0.08937877251339629,0.23562198172342608,0.011167640269680574,0.005670397469449859,0.00686053577209981,False
374,0.374,c:\Users\User\Desktop\Github\activeVision\data\renders\airplane_demo\motion_sequence\frames\frame_00374.png,0.0,-0.25,1.5,0.004225159437193321,-0.0014621145996269978,0.2420838035210475,-0.08377299572308711,0.0037034869393964874,-0.09354562082586855,0.23562198172342608,0.011167640269680574,0.0027583348582249467,-0.0013950151668991203,False
375,0.375,c:\Users\User\Desktop\Github\activeVision\data\renders\airplane_demo\motion_sequence\frames\frame_00375.png,0.0,-0.25,1.5,0.0042963136675187455,-0.0013119272124956555,0.24616064061319612,-0.07516789230436377,0.005867582444472587,-0.09309425607373335,0.23562198172342608,0.011167640269680574,0.004671076445297478,0.0067587234996890075,False
376,0.376,c:\Users\User\Desktop\Github\activeVision\data\renders\airplane_demo\motion_sequence\frames\frame_00376.png,0.0,-0.25,1.5,0.0042009641351329445,-0.001412170860636019,0.24069751482894375,-0.08091143026580105,0.003671134807460981,-0.09155853320767081,0.23562198172342608,0.011167640269680574,0.0014043982980566836,-0.0005205373278108133,False
377,0.377,c:\Users\User\Desktop\Github\activeVision\data\renders\airplane_demo\motion_sequence\frames\frame_00377.png,0.0,-0.25,1.5,0.004034886033704352,-0.0012720128659140242,0.23118194054753982,-0.07288096870321388,-8.690948512900272e-05,-0.08732996193501234,0.23562198172342608,0.011167640269680574,-0.004353131690757271,0.0032813529621178957,False
378,0.378,c:\Users\User\Desktop\Github\activeVision\data\renders\airplane_demo\motion_sequence\frames\frame_00378.png,0.0,-0.25,1.5,0.004106431768327992,-0.0014090190303209993,0.2352812091836374,-0.08073084369100902,0.00045271491439668576,-0.08971807306084467,0.23562198172342608,0.011167640269680574,-0.0007934874541853868,-0.0021804108998449336,False
379,0.379,c:\Users\User\Desktop\Github\activeVision\data\renders\airplane_demo\motion_sequence\frames\frame_00379.png,0.0,-0.25,1.5,0.00428769713558546,-0.0014143498853106872,0.2456669496993792,-0.0810362791831144,0.002392293886546523,-0.09321073041561471,0.23562198172342608,0.011167640269680574,0.007652674089406544,0.0010068109628197368,False
380,0.38,c:\Users\User\Desktop\Github\activeVision\data\renders\airplane_demo\motion_sequence\frames\frame_00380.png,0.0,-0.25,1.5,0.0040531488867590676,-0.001362040884938563,0.2322283249494426,-0.07803919423124345,-0.00027258633790194515,-0.09537984586093996,0.23562198172342608,0.011167640269680574,-0.0031210704360815134,0.0061730113600159476,False
381,0.381,c:\Users\User\Desktop\Github\activeVision\data\renders\airplane_demo\motion_sequence\frames\frame_00381.png,0.0,-0.25,1.5,0.00400768087768645,-0.0014784715188402436,0.2296231999267191,-0.08471017815984254,-0.005793737430290616,-0.09046295740686874,0.23562198172342608,0.011167640269680574,-0.00020504436641635766,-0.005414861022654372,False
382,0.382,c:\Users\User\Desktop\Github\activeVision\data\renders\airplane_demo\motion_sequence\frames\frame_00382.png,0.0,-0.25,1.5,0.004024531493564276,-0.0014603599496649422,0.23058866909871464,-0.08367246168573853,-0.0033331877139663305,-0.09278505843660016,0.23562198172342608,0.011167640269680574,-0.0017001249107451326,-0.002055043518818945,False
383,0.383,c:\Users\User\Desktop\Github\activeVision\data\renders\airplane_demo\motion_sequence\frames\frame_00383.png,0.0,-0.25,1.5,0.0040555411262138885,-0.0014294978584139875,0.23236539017378852,-0.0819041941101112,-0.009138278110822575,-0.09142151000527503,0.23562198172342608,0.011167640269680574,0.005881686561184966,-0.00165032437451676,False
384,0.384,c:\Users\User\Desktop\Github\activeVision\data\renders\airplane_demo\motion_sequence\frames\frame_00384.png,0.0,-0.25,1.5,0.004059661403238822,-0.0014831152277005057,0.23260146465774192,-0.08497624307882307,-0.0062792577728796725,-0.09322318456063905,0.23562198172342608,0.011167640269680574,0.0032587407071955014,-0.002920698787864591,False
385,0.385,c:\Users\User\Desktop\Github\activeVision\data\renders\airplane_demo\motion_sequence\frames\frame_00385.png,0.0,-0.25,1.5,0.003920626815897033,-0.0013163635795259583,0.2246353695967144,-0.07542207741157111,-0.010922076015881,-0.09348441518765661,0.23562198172342608,0.011167640269680574,-6.453611083063188e-05,0.006894697506404925,False
386,0.386,c:\Users\User\Desktop\Github\activeVision\data\renders\airplane_demo\motion_sequence\frames\frame_00386.png,0.0,-0.25,1.5,0.003944513640845283,-0.0014922381269616024,0.22600398385221696,-0.08549894670340692,-0.008034070889573544,-0.09347885999422832,0.23562198172342608,0.011167640269680574,-0.0015839269816356038,-0.003187726978859166,False
387,0.387,c:\Users\User\Desktop\Github\activeVision\data\renders\airplane_demo\motion_sequence\frames\frame_00387.png,0.0,-0.25,1.5,0.0040143161177879395,-0.0016210052373740488,0.2300033711805904,-0.09287675867013517,-0.006968849241105714,-0.09395251528244437,0.23562198172342608,0.011167640269680574,0.0013502386982700164,-0.010091883657371374,False
388,0.388,c:\Users\User\Desktop\Github\activeVision\data\renders\airplane_demo\motion_sequence\frames\frame_00388.png,0.0,-0.25,1.5,0.004103230771553629,-0.0015104061758974957,0.2350978055782314,-0.08653989922942075,-0.0010994087015100576,-0.09206211375490478,0.23562198172342608,0.011167640269680574,0.0005752325563153696,-0.005645425744196548,False
389,0.389,c:\Users\User\Desktop\Github\activeVision\data\renders\airplane_demo\motion_sequence\frames\frame_00389.png,0.0,-0.25,1.5,0.0038973394299254885,-0.0014896693874527434,0.22330110066465275,-0.08535176877088078,-0.0027172137230666252,-0.09474744202514779,0.23562198172342608,0.011167640269680574,-0.009603667335706731,-0.001771967015413563,False
390,0.39,c:\Users\User\Desktop\Github\activeVision\data\renders\airplane_demo\motion_sequence\frames\frame_00390.png,0.0,-0.25,1.5,0.0038558508392534316,-0.001334172939004224,0.22092397952119805,-0.07644247854550705,-0.007664402614406931,-0.09480879088905557,0.23562198172342608,0.011167640269680574,-0.0070335995878211275,0.007198672073867956,False
391,0.391,c:\Users\User\Desktop\Github\activeVision\data\renders\airplane_demo\motion_sequence\frames\frame_00391.png,0.0,-0.25,1.5,0.004047486157594323,-0.0014681097857868171,0.23190387446777713,-0.08411649458744,-0.0029740738623333257,-0.09650133839679197,0.23562198172342608,0.011167640269680574,-0.0007440333933156418,0.0012172035396713972,False
392,0.392,c:\Users\User\Desktop\Github\activeVision\data\renders\airplane_demo\motion_sequence\frames\frame_00392.png,0.0,-0.25,1.5,0.004115544434340226,-0.001511584105779045,0.2358033264862507,-0.08660738964019588,0.0016223190299769297,-0.09730726023815946,0.23562198172342608,0.011167640269680574,-0.001440974267152326,-0.000467769671716995,False
393,0.393,c:\Users\User\Desktop\Github\activeVision\data\renders\airplane_demo\motion_sequence\frames\frame_00393.png,0.0,-0.25,1.5,0.004259236361115476,-0.0016008724430504877,0.24403626744057538,-0.09172323452559018,0.007290271342627542,-0.09648160864619272,0.23562198172342608,0.011167640269680574,0.0011240143745217064,-0.006409266149078047,False
394,0.394,c:\Users\User\Desktop\Github\activeVision\data\renders\airplane_demo\motion_sequence\frames\frame_00394.png,0.0,-0.25,1.5,0.004055405268888083,-0.0016606491842839465,0.23235760612240391,-0.09514818951131301,0.002302462661038237,-0.09930953723682932,0.23562198172342608,0.011167640269680574,-0.005566838262060421,-0.007006292544164269,False
395,0.395,c:\Users\User\Desktop\Github\activeVision\data\renders\airplane_demo\motion_sequence\frames\frame_00395.png,0.0,-0.25,1.5,0.004018672576204837,-0.001706784145769001,0.23025297786150287,-0.09779152809240524,0.0011631780645547053,-0.09809570529202485,0.23562198172342608,0.011167640269680574,-0.006532181926477916,-0.010863463070060968,False
396,0.396,c:\Users\User\Desktop\Github\activeVision\data\renders\airplane_demo\motion_sequence\frames\frame_00396.png,0.0,-0.25,1.5,0.004160962842428471,-0.0014882701070324776,0.23840560958191,-0.08527159590844427,-0.0011654293992103151,-0.09556277996705752,0.23562198172342608,0.011167640269680574,0.003949057257694249,-0.0008764562110673225,False
397,0.397,c:\Users\User\Desktop\Github\activeVision\data\renders\airplane_demo\motion_sequence\frames\frame_00397.png,0.0,-0.25,1.5,0.004012675999548539,-0.0014824026694208775,0.2299093993275703,-0.08493541649674326,-0.0007773752480494171,-0.09175966963043858,0.23562198172342608,0.011167640269680574,-0.004935207147806362,-0.004343387135985248,False
398,0.398,c:\Users\User\Desktop\Github\activeVision\data\renders\airplane_demo\motion_sequence\frames\frame_00398.png,0.0,-0.25,1.5,0.004078513635660046,-0.0016054040368361365,0.23368161800987777,-0.09198287572397557,0.0003148514801650454,-0.09737235881853856,0.23562198172342608,0.011167640269680574,-0.0022552151937133905,-0.005778157175117586,False
399,0.399,c:\Users\User\Desktop\Github\activeVision\data\renders\airplane_demo\motion_sequence\frames\frame_00399.png,0.0,-0.25,1.5,0.00429245276434074,-0.001654023204369924,0.24593942715598777,-0.09476854882710108,0.0026333533249662776,-0.10070606367503347,0.23562198172342608,0.011167640269680574,0.007684092107595417,-0.0052301254217481784,False
400,0.4,c:\Users\User\Desktop\Github\activeVision\data\renders\airplane_demo\motion_sequence\frames\frame_00400.png,0.0,-0.25,1.5,0.003963778194687796,-0.001489397809012592,0.22710776148159545,-0.08533620847245338,0.0006653382447650081,-0.10275582715707303,0.23562198172342608,0.011167640269680574,-0.009179558486595619,0.006251978414939074,False
401,0.401,c:\Users\User\Desktop\Github\activeVision\data\renders\airplane_demo\motion_sequence\frames\frame_00401.png,0.0,-0.25,1.5,0.004098556712787965,-0.001486790459319604,0.2348300017377627,-0.08518681833933042,-6.472334732602571e-05,-0.1037064262214848,0.23562198172342608,0.011167640269680574,-0.0007272566383373549,0.007351967612473803,False
402,0.402,c:\Users\User\Desktop\Github\activeVision\data\renders\airplane_demo\motion_sequence\frames\frame_00402.png,0.0,-0.25,1.5,0.004169034489072556,-0.0016564881737022134,0.238868080868337,-0.09490978116647043,0.0005738338120132052,-0.10650404679708828,0.23562198172342608,0.011167640269680574,0.002672265332897696,0.0004266253609372623,False
403,0.403,c:\Users\User\Desktop\Github\activeVision\data\renders\airplane_demo\motion_sequence\frames\frame_00403.png,0.0,-0.25,1.5,0.004014873445162611,-0.0017993868034533581,0.23003530368696617,-0.1030972695494136,-0.00019809796261797665,-0.1046903280576527,0.23562198172342608,0.011167640269680574,-0.005388580073841934,-0.009574581761441488,False
404,0.404,c:\Users\User\Desktop\Github\activeVision\data\renders\airplane_demo\motion_sequence\frames\frame_00404.png,0.0,-0.25,1.5,0.004122821816749763,-0.001416857388124484,0.2362202897842199,-0.08117994851146214,0.0013033666470740055,-0.09911799569366884,0.23562198172342608,0.011167640269680574,-0.0007050585862801535,0.006770406912526134,False
405,0.405,c:\Users\User\Desktop\Github\activeVision\data\renders\airplane_demo\motion_sequence\frames\frame_00405.png,0.0,-0.25,1.5,0.004291719603260488,-0.0015801116100031525,0.24589742012038604,-0.09053372641280215,0.00652226854338967,-0.09892228803063914,0.23562198172342608,0.011167640269680574,0.0037531698535702737,-0.002779078651843584,False
406,0.406,c:\Users\User\Desktop\Github\activeVision\data\renders\airplane_demo\motion_sequence\frames\frame_00406.png,0.0,-0.25,1.5,0.00415709658910783,-0.001623054158519153,0.2381840895841088,-0.09299415320430475,0.0004658336896280878,-0.10165057071543014,0.23562198172342608,0.011167640269680574,0.0020962741710546483,-0.0025112227585551857,False
407,0.40700000000000003,c:\Users\User\Desktop\Github\activeVision\data\renders\airplane_demo\motion_sequence\frames\frame_00407.png,0.0,-0.25,1.5,0.004064943647049382,-0.001800438298589341,0.2329041149344461,-0.10315751578288396,-0.0021072661885384596,-0.10645148643558222,0.23562198172342608,0.011167640269680574,-0.0006106006004415441,-0.007873669616982309,False
408,0.40800000000000003,c:\Users\User\Desktop\Github\activeVision\data\renders\airplane_demo\motion_sequence\frames\frame_00408.png,0.0,-0.25,1.5,0.0042602830105515485,-0.0017005873200701559,0.2440962360358921,-0.0974364761334832,-0.0021525841577246228,-0.10884542905131478,0.23562198172342608,0.011167640269680574,0.010626838470190638,0.00024131264815100637,False
409,0.40900000000000003,c:\Users\User\Desktop\Github\activeVision\data\renders\airplane_demo\motion_sequence\frames\frame_00409.png,0.0,-0.25,1.5,0.004173684120535954,-0.0016398889234575768,0.23913448512748092,-0.09395871418437125,-0.003183242912949591,-0.1093654365501543,0.23562198172342608,0.011167640269680574,0.006695746317004435,0.004239082096102467,False
410,0.41000000000000003,c:\Users\User\Desktop\Github\activeVision\data\renders\airplane_demo\motion_sequence\frames\frame_00410.png,0.0,-0.25,1.5,0.004063548162566482,-0.00181906584135314,0.23282415956319996,-0.1042247953659491,-0.00477922830812335,-0.10867757204334388,0.23562198172342608,0.011167640269680574,0.0019814061478972004,-0.006714863592285791,False
411,0.41100000000000003,c:\Users\User\Desktop\Github\activeVision\data\renders\airplane_demo\motion_sequence\frames\frame_00411.png,0.0,-0.25,1.5,0.003991475821282564,-0.001540379991534236,0.22869471858800497,-0.0882572723613092,-0.0039768161998272565,-0.10417376252817424,0.23562198172342608,0.011167640269680574,-0.0029504469355938496,0.004748849897184472,False
412,0.41200000000000003,c:\Users\User\Desktop\Github\activeVision\data\renders\airplane_demo\motion_sequence\frames\frame_00412.png,0.0,-0.25,1.5,0.004075094271575099,-0.0015469747643876337,0.23348570287919168,-0.08863512501265634,0.0018748127891924206,-0.10198096042864081,0.23562198172342608,0.011167640269680574,-0.004011091633426827,0.002178195146303907,False
413,0.41300000000000003,c:\Users\User\Desktop\Github\activeVision\data\renders\airplane_demo\motion_sequence\frames\frame_00413.png,0.0,-0.25,1.5,0.004258647952625463,-0.00155852975612721,0.24400255411746796,-0.08929717727164259,0.007641613023771992,-0.10803160093176434,0.23562198172342608,0.011167640269680574,0.0007389593702698816,0.007566783390441176,False
414,0.41400000000000003,c:\Users\User\Desktop\Github\activeVision\data\renders\airplane_demo\motion_sequence\frames\frame_00414.png,0.0,-0.25,1.5,0.00413787677282193,-0.001734046170555752,0.23708287522790994,-0.09935352705366711,0.007257807975406318,-0.11452276843251746,0.23562198172342608,0.011167640269680574,-0.005796914470922487,0.004001601109169788,False
415,0.41500000000000004,c:\Users\User\Desktop\Github\activeVision\data\renders\airplane_demo\motion_sequence\frames\frame_00415.png,0.0,-0.25,1.5,0.004184736651551592,-0.0017896775056688856,0.23976774850761443,-0.10254096776432761,0.006875097123643586,-0.11464152731935645,0.23562198172342608,0.011167640269680574,-0.002729330339455254,0.0009329192853482672,False
416,0.41600000000000004,c:\Users\User\Desktop\Github\activeVision\data\renders\airplane_demo\motion_sequence\frames\frame_00416.png,0.0,-0.25,1.5,0.004276293416040034,-0.0016480823467234446,0.24501356469867538,-0.09442816275726977,0.00779812218292282,-0.1122367256341791,0.23562198172342608,0.011167640269680574,0.0015934607923264693,0.006640922607228742,False
417,0.417,c:\Users\User\Desktop\Github\activeVision\data\renders\airplane_demo\motion_sequence\frames\frame_00417.png,0.0,-0.25,1.5,0.00429161139929398,-0.0017658641744338719,0.24589122048977857,-0.10117656438841427,0.00509205675412747,-0.11202629394347058,0.23562198172342608,0.011167640269680574,0.005177182012225001,-0.00031791071462425167,False
418,0.418,c:\Users\User\Desktop\Github\activeVision\data\renders\airplane_demo\motion_sequence\frames\frame_00418.png,0.0,-0.25,1.5,0.004178426873980435,-0.0017185739038324999,0.2394062248831208,-0.09846703147092406,0.005390103412695844,-0.11306113473985573,0.23562198172342608,0.011167640269680574,-0.0016058602530010962,0.003426462999251098,False
419,0.419,c:\Users\User\Desktop\Github\activeVision\data\renders\airplane_demo\motion_sequence\frames\frame_00419.png,0.0,-0.25,1.5,0.0042060693175147166,-0.0017793490483778093,0.24099002023306385,-0.10194919075266781,0.005084478115299392,-0.11296860059861517,0.23562198172342608,0.011167640269680574,0.0002835603943384073,-0.00014823042373321243,False
420,0.42,c:\Users\User\Desktop\Github\activeVision\data\renders\airplane_demo\motion_sequence\frames\frame_00420.png,0.0,-0.25,1.5,0.003990034473448622,-0.0019217488842873166,0.22861213544030978,-0.11010810035363805,0.0006336766595584922,-0.11518992178392608,0.23562198172342608,0.011167640269680574,-0.0076435229426748364,-0.006085818839392543,False
421,0.421,c:\Users\User\Desktop\Github\activeVision\data\renders\airplane_demo\motion_sequence\frames\frame_00421.png,0.0,-0.25,1.5,0.00407858213517815,-0.0017623517832009755,0.2336855427431638,-0.10097531919477055,0.005042366576205978,-0.11827986905518074,0.23562198172342608,0.011167640269680574,-0.006978805556468281,0.0061369095907296105,False
422,0.422,c:\Users\User\Desktop\Github\activeVision\data\renders\airplane_demo\motion_sequence\frames\frame_00422.png,0.0,-0.25,1.5,0.004205538454841769,-0.0018776186596626645,0.24095960404240294,-0.10757962473368118,0.007796991066695171,-0.11732521920018543,0.23562198172342608,0.011167640269680574,-0.0024593687477183386,-0.0014220458031763165,False
423,0.423,c:\Users\User\Desktop\Github\activeVision\data\renders\airplane_demo\motion_sequence\frames\frame_00423.png,0.0,-0.25,1.5,0.004292805731546817,-0.0016395326547929531,0.24595965068720252,-0.09393830149351555,0.005774526846158038,-0.11535041693390602,0.23562198172342608,0.011167640269680574,0.004563142117618374,0.010244475170709887,False
424,0.424,c:\Users\User\Desktop\Github\activeVision\data\renders\airplane_demo\motion_sequence\frames\frame_00424.png,0.0,-0.25,1.5,0.004115625394778305,-0.001784695660914437,0.23580796517766014,-0.10225552908570833,0.007896032743464997,-0.11344683167742269,0.23562198172342608,0.011167640269680574,-0.007710049289230936,2.3662322033784267e-05,False
425,0.425,c:\Users\User\Desktop\Github\activeVision\data\renders\airplane_demo\motion_sequence\frames\frame_00425.png,0.0,-0.25,1.5,0.004325730651156917,-0.00160988855029428,0.24784610962166875,-0.09223981941829681,0.003358524049854389,-0.10871507518987694,0.23562198172342608,0.011167640269680574,0.008865603848388299,0.005307615501899557,False
426,0.426,c:\Users\User\Desktop\Github\activeVision\data\renders\airplane_demo\motion_sequence\frames\frame_00426.png,0.0,-0.25,1.5,0.004232727178744154,-0.0018174680283517583,0.24251740317235607,-0.1041332474245188,0.001701815432650279,-0.11369437467055481,0.23562198172342608,0.011167640269680574,0.005193606016279688,-0.0016065130236445574,False
427,0.427,c:\Users\User\Desktop\Github\activeVision\data\renders\airplane_demo\motion_sequence\frames\frame_00427.png,0.0,-0.25,1.5,0.004204954156001562,-0.0018424795192843182,0.24092612618488465,-0.10556630029428421,-0.0027420398556097484,-0.1143685098025311,0.23562198172342608,0.011167640269680574,0.008046184317068328,-0.0023654307614336687,False
428,0.428,c:\Users\User\Desktop\Github\activeVision\data\renders\airplane_demo\motion_sequence\frames\frame_00428.png,0.0,-0.25,1.5,0.0040341483614738825,-0.0018044906637786659,0.2311396750420699,-0.103389699205278,-0.0018176942545447556,-0.11253027258243918,0.23562198172342608,0.011167640269680574,-0.002664612426811453,-0.002027066892519408,False
429,0.429,c:\Users\User\Desktop\Github\activeVision\data\renders\airplane_demo\motion_sequence\frames\frame_00429.png,0.0,-0.25,1.5,0.004130103126366543,-0.0018518566983546727,0.2366374780945894,-0.10610357307875393,-0.0006055376944910075,-0.11406117655344476,0.23562198172342608,0.011167640269680574,0.001621034065654322,-0.003210036794989735,False
430,0.43,c:\Users\User\Desktop\Github\activeVision\data\renders\airplane_demo\motion_sequence\frames\frame_00430.png,0.0,-0.25,1.5,0.0041641468639823775,-0.001875224623731668,0.23858804057882751,-0.10744245657883242,-0.0042892262648645966,-0.11773736695225331,0.23562198172342608,0.011167640269680574,0.00725528512026603,-0.0008727298962596796,False
431,0.431,c:\Users\User\Desktop\Github\activeVision\data\renders\airplane_demo\motion_sequence\frames\frame_00431.png,0.0,-0.25,1.5,0.003983926625384288,-0.0020015592466065255,0.2282621815243163,-0.11468089727593865,-0.0010698510126995024,-0.1244757616141204,0.23562198172342608,0.011167640269680574,-0.006289949186410294,-0.0013727759314988155,False
432,0.432,c:\Users\User\Desktop\Github\activeVision\data\renders\airplane_demo\motion_sequence\frames\frame_00432.png,0.0,-0.25,1.5,0.004216740120704831,-0.002072721330304057,0.24160141221987214,-0.11875818433316393,0.001240733412761617,-0.12611516206621096,0.23562198172342608,0.011167640269680574,0.0047386970836844474,-0.00381066253663356,False
433,0.433,c:\Users\User\Desktop\Github\activeVision\data\renders\airplane_demo\motion_sequence\frames\frame_00433.png,0.0,-0.25,1.5,0.004114834560034437,-0.0019716412872206974,0.2357626536845442,-0.1129667244714869,0.0020584077312899,-0.12811015386026753,0.23562198172342608,0.011167640269680574,-0.001917735770171778,0.003975789119100047,False
434,0.434,c:\Users\User\Desktop\Github\activeVision\data\renders\airplane_demo\motion_sequence\frames\frame_00434.png,0.0,-0.25,1.5,0.004095707363643289,-0.0020260530968996306,0.23466674605741356,-0.11608429152175885,0.0039214209940965404,-0.12144634550474355,0.23562198172342608,0.011167640269680574,-0.0048766566601090655,-0.005805586286695869,False
435,0.435,c:\Users\User\Desktop\Github\activeVision\data\renders\airplane_demo\motion_sequence\frames\frame_00435.png,0.0,-0.25,1.5,0.004282100553493578,-0.0018875940321781935,0.2453462891658158,-0.1081511714778918,0.002129469748828941,-0.12032040257534267,0.23562198172342608,0.011167640269680574,0.007594837693560755,0.0010015908277702919,False
436,0.436,c:\Users\User\Desktop\Github\activeVision\data\renders\airplane_demo\motion_sequence\frames\frame_00436.png,0.0,-0.25,1.5,0.004113945789691385,-0.0020187959938204082,0.23571173089493094,-0.11566849014382802,-0.0008015871165971289,-0.12170926232576089,0.23562198172342608,0.011167640269680574,0.0008913362881019822,-0.005126868087747715,False
437,0.437,c:\Users\User\Desktop\Github\activeVision\data\renders\airplane_demo\motion_sequence\frames\frame_00437.png,0.0,-0.25,1.5,0.004246072562096506,-0.00201328808142932,0.24328203731442993,-0.11535291000989085,0.003044305821747557,-0.12277819037106347,0.23562198172342608,0.011167640269680574,0.004615749769256308,-0.003742359908507973,False
438,0.438,c:\Users\User\Desktop\Github\activeVision\data\renders\airplane_demo\motion_sequence\frames\frame_00438.png,0.0,-0.25,1.5,0.004191081624322461,-0.0018957048213932833,0.24013128866851066,-0.10861588546843666,0.0030401922292155256,-0.11740154897900734,0.23562198172342608,0.011167640269680574,0.0014691147158690263,-0.0023819767591098944,False
439,0.439,c:\Users\User\Desktop\Github\activeVision\data\renders\airplane_demo\motion_sequence\frames\frame_00439.png,0.0,-0.25,1.5,0.004017803929700284,-0.001596933065332438,0.23020320808290318,-0.09149752480843806,5.7472079863287825e-05,-0.11215512184409336,0.23562198172342608,0.011167640269680574,-0.0054762457203861884,0.009489956765974727,False
440,0.44,c:\Users\User\Desktop\Github\activeVision\data\renders\airplane_demo\motion_sequence\frames\frame_00440.png,0.0,-0.25,1.5,0.004113944873374925,-0.0015906770234843204,0.2357116783938651,-0.09113908001408369,-0.001994212168648943,-0.10839026349281762,0.23562198172342608,0.011167640269680574,0.002083908839087959,0.0060835432090533565,False
441,0.441,c:\Users\User\Desktop\Github\activeVision\data\renders\airplane_demo\motion_sequence\frames\frame_00441.png,0.0,-0.25,1.5,0.004060488708340276,-0.0014763992795352695,0.23264886574842492,-0.0845914475935264,-0.0006696083360102752,-0.10598253243736849,0.23562198172342608,0.011167640269680574,-0.0023035076389909316,0.010223444574161517,False
442,0.442,c:\Users\User\Desktop\Github\activeVision\data\renders\airplane_demo\motion_sequence\frames\frame_00442.png,0.0,-0.25,1.5,0.004034452031150887,-0.0017685298718378302,0.23115707403292837,-0.10132929759912006,-0.0013570175765320184,-0.105026643546335,0.23562198172342608,0.011167640269680574,-0.0031078901139657104,-0.0074702943224656355,False
443,0.443,c:\Users\User\Desktop\Github\activeVision\data\renders\airplane_demo\motion_sequence\frames\frame_00443.png,0.0,-0.25,1.5,0.0040222508074071964,-0.0016537925904682458,0.23045799540752007,-0.09475533562383787,-0.004782242835200978,-0.09997893271601094,0.23562198172342608,0.011167640269680574,-0.00038174348070503056,-0.00594404317750749,False
444,0.444,c:\Users\User\Desktop\Github\activeVision\data\renders\airplane_demo\motion_sequence\frames\frame_00444.png,0.0,-0.25,1.5,0.0039270044920254234,-0.00160176151486649,0.2250007835219725,-0.09177417458833115,-0.007494439047705984,-0.09735864685707765,0.23562198172342608,0.011167640269680574,-0.003126759153747625,-0.005583168000934081,False
445,0.445,c:\Users\User\Desktop\Github\activeVision\data\renders\airplane_demo\motion_sequence\frames\frame_00445.png,0.0,-0.25,1.5,0.0038875920585218853,-0.0014704585873324665,0.22274261742187976,-0.08425107100291951,-0.011271829710631825,-0.09241146313810356,0.23562198172342608,0.011167640269680574,-0.0016075345909144988,-0.0030072481344965217,False
446,0.446,c:\Users\User\Desktop\Github\activeVision\data\renders\airplane_demo\motion_sequence\frames\frame_00446.png,0.0,-0.25,1.5,0.0039648965744484,-0.0014459357737463372,0.22717183992177092,-0.08284601728264822,-0.009134471055242576,-0.09222704915809526,0.23562198172342608,0.011167640269680574,0.0006843292535874135,-0.0017866083942335326,False
447,0.447,c:\Users\User\Desktop\Github\activeVision\data\renders\airplane_demo\motion_sequence\frames\frame_00447.png,0.0,-0.25,1.5,0.004116579559945357,-0.0016137540869317767,0.23586263481469064,-0.09246129835317855,-0.010577136468958871,-0.09743175552356613,0.23562198172342608,0.011167640269680574,0.010817789560223374,-0.006197183099293,False
448,0.448,c:\Users\User\Desktop\Github\activeVision\data\renders\airplane_demo\motion_sequence\frames\frame_00448.png,0.0,-0.25,1.5,0.00415998081911345,-0.001522641272720234,0.23834934379057585,-0.08724091863929757,-0.010564020928423856,-0.09642457924829696,0.23562198172342608,0.011167640269680574,0.013291382995573593,-0.001983979660681189,False
449,0.449,c:\Users\User\Desktop\Github\activeVision\data\renders\airplane_demo\motion_sequence\frames\frame_00449.png,0.0,-0.25,1.5,0.004057166913065854,-0.001369206209061796,0.232458540898794,-0.07844973706234797,-0.013195330791511327,-0.09324406264646995,0.23562198172342608,0.011167640269680574,0.010031889966879221,0.0036266853144413997,False
450,0.45,c:\Users\User\Desktop\Github\activeVision\data\renders\airplane_demo\motion_sequence\frames\frame_00450.png,0.0,-0.25,1.5,0.003890752612946086,-0.0015417698310557814,0.2229237038513079,-0.08833690430009423,-0.015201722168396803,-0.0938339679955779,0.23562198172342608,0.011167640269680574,0.0025034442962785933,-0.005670576574196897,False
451,0.451,c:\Users\User\Desktop\Github\activeVision\data\renders\airplane_demo\motion_sequence\frames\frame_00451.png,0.0,-0.25,1.5,0.00373293548563995,-0.0016868932811473232,0.21388144852178745,-0.09665186549871702,-0.020974341898774482,-0.09864529832682564,0.23562198172342608,0.011167640269680574,-0.000766191302864149,-0.009174207441571953,False
452,0.452,c:\Users\User\Desktop\Github\activeVision\data\renders\airplane_demo\motion_sequence\frames\frame_00452.png,0.0,-0.25,1.5,0.003641949246758221,-0.0016768867389168015,0.20866832104009528,-0.0960785328613887,-0.022626862643265116,-0.10445634413201421,0.23562198172342608,0.011167640269680574,-0.004326798040065685,-0.0027898289990550625,False
453,0.453,c:\Users\User\Desktop\Github\activeVision\data\renders\airplane_demo\motion_sequence\frames\frame_00453.png,0.0,-0.25,1.5,0.0038257694484910287,-0.001409103302042458,0.21920044278862855,-0.08073567210498092,-0.022879927275343312,-0.10390845423073226,0.23562198172342608,0.011167640269680574,0.0064583883405457685,0.012005141856070775,False
454,0.454,c:\Users\User\Desktop\Github\activeVision\data\renders\airplane_demo\motion_sequence\frames\frame_00454.png,0.0,-0.25,1.5,0.003694192083966189,-0.0017006295730797355,0.21166161512190085,-0.09743889705260385,-0.02032403413312787,-0.10447735137788179,0.23562198172342608,0.011167640269680574,-0.003636332468397364,-0.0041291859444026295,False
455,0.455,c:\Users\User\Desktop\Github\activeVision\data\renders\airplane_demo\motion_sequence\frames\frame_00455.png,0.0,-0.25,1.5,0.0039061322577879313,-0.0014976892853732137,0.22380489259115574,-0.08581127507384949,-0.022937767921680282,-0.10360027301303278,0.23562198172342608,0.011167640269680574,0.011120678789409942,0.006621357669502717,False
456,0.456,c:\Users\User\Desktop\Github\activeVision\data\renders\airplane_demo\motion_sequence\frames\frame_00456.png,0.0,-0.25,1.5,0.0037959963923443582,-0.0016599630731825611,0.21749457232821828,-0.09510887824092656,-0.020844705821827826,-0.10566525310081377,0.23562198172342608,0.011167640269680574,0.002717296426620019,-0.0006112654097933538,False
457,0.457,c:\Users\User\Desktop\Github\activeVision\data\renders\airplane_demo\motion_sequence\frames\frame_00457.png,0.0,-0.25,1.5,0.00387927501417677,-0.0015171006236379939,0.22226608588288152,-0.08692346283112218,-0.015256120790598574,-0.10812510533150015,0.23562198172342608,0.011167640269680574,0.0019002249500540019,0.01003400223069739,False
458,0.458,c:\Users\User\Desktop\Github\activeVision\data\renders\airplane_demo\motion_sequence\frames\frame_00458.png,0.0,-0.25,1.5,0.003691945209747251,-0.001556835643266633,0.21153287871205897,-0.0892001117547127,-0.02069434797782512,-0.11066322596197714,0.23562198172342608,0.011167640269680574,-0.003394755033542001,0.010295473937583876,False
459,0.459,c:\Users\User\Desktop\Github\activeVision\data\renders\airplane_demo\motion_sequence\frames\frame_00459.png,0.0,-0.25,1.5,0.003748284276435678,-0.001770776731462818,0.2147608694550119,-0.1014580331727902,-0.023158906973833746,-0.1074462479521277,0.23562198172342608,0.011167640269680574,0.0022977947054195714,-0.0051794254903430705,False
460,0.46,c:\Users\User\Desktop\Github\activeVision\data\renders\airplane_demo\motion_sequence\frames\frame_00460.png,0.0,-0.25,1.5,0.0035439082722275683,-0.0017362260199366723,0.2030509869801393,-0.09947842322316805,-0.02797752948761107,-0.10511959925035853,0.23562198172342608,0.011167640269680574,-0.004593465255675729,-0.00552646424249009,False
461,0.461,c:\Users\User\Desktop\Github\activeVision\data\renders\airplane_demo\motion_sequence\frames\frame_00461.png,0.0,-0.25,1.5,0.003522021734266586,-0.0013972906495111276,0.20179698072682214,-0.08005885697008117,-0.031112636771446295,-0.10105991927021321,0.23562198172342608,0.011167640269680574,-0.002712364225157659,0.009833422030451483,False
462,0.462,c:\Users\User\Desktop\Github\activeVision\data\renders\airplane_demo\motion_sequence\frames\frame_00462.png,0.0,-0.25,1.5,0.0035208946196158748,-0.0016292627849921538,0.20173240181430901,-0.09334988129778089,-0.03240958446044463,-0.10107688838141264,0.23562198172342608,0.011167640269680574,-0.0014799954486724566,-0.0034406331860488302,False
463,0.463,c:\Users\User\Desktop\Github\activeVision\data\renders\airplane_demo\motion_sequence\frames\frame_00463.png,0.0,-0.25,1.5,0.0034927976012756588,-0.0016534920569958571,0.20012256124651298,-0.09473811632426758,-0.028572929982141282,-0.10011739627584251,0.23562198172342608,0.011167640269680574,-0.006926490494771847,-0.005788360318105641,False
464,0.464,c:\Users\User\Desktop\Github\activeVision\data\renders\airplane_demo\motion_sequence\frames\frame_00464.png,0.0,-0.25,1.5,0.003568952560755759,-0.001618521284946389,0.2044859190137125,-0.09273443867951899,-0.03164656617590045,-0.10658534827076555,0.23562198172342608,0.011167640269680574,0.0005105034661868664,0.002683269321565984,False
465,0.465,c:\Users\User\Desktop\Github\activeVision\data\renders\airplane_demo\motion_sequence\frames\frame_00465.png,0.0,-0.25,1.5,0.0034923469618641715,-0.0017087551950620856,0.2000967415101525,-0.09790446089811124,-0.03590318911445943,-0.108040671364431,0.23562198172342608,0.011167640269680574,0.0003779489011858453,-0.0010314298033608032,False
466,0.466,c:\Users\User\Desktop\Github\activeVision\data\renders\airplane_demo\motion_sequence\frames\frame_00466.png,0.0,-0.25,1.5,0.0034270991913932427,-0.0015435048648287908,0.19635831963952996,-0.08843631441260033,-0.0396379621978638,-0.1047651236861813,0.23562198172342608,0.011167640269680574,0.0003743001139676825,0.0051611690039003845,False
467,0.467,c:\Users\User\Desktop\Github\activeVision\data\renders\airplane_demo\motion_sequence\frames\frame_00467.png,0.0,-0.25,1.5,0.0034563515204127327,-0.0016024709789889484,0.1980343546332748,-0.09181482388826397,-0.03601365190304178,-0.10058340449059729,0.23562198172342608,0.011167640269680574,-0.001573975187109507,-0.002399059667347251,False
468,0.468,c:\Users\User\Desktop\Github\activeVision\data\renders\airplane_demo\motion_sequence\frames\frame_00468.png,0.0,-0.25,1.5,0.0035788676770213026,-0.001551687380705744,0.20505401332910966,-0.08890513803814853,-0.03333995295269061,-0.10268779917983849,0.23562198172342608,0.011167640269680574,0.0027719845583742027,0.0026150208720093723,False
469,0.46900000000000003,c:\Users\User\Desktop\Github\activeVision\data\renders\airplane_demo\motion_sequence\frames\frame_00469.png,0.0,-0.25,1.5,0.0036436918298322807,-0.0016836662523149629,0.20876816369568982,-0.09646697036625575,-0.031430304045308284,-0.10523545330335655,0.23562198172342608,0.011167640269680574,0.004576486017572014,-0.002399157332579768,False
470,0.47000000000000003,c:\Users\User\Desktop\Github\activeVision\data\renders\airplane_demo\motion_sequence\frames\frame_00470.png,0.0,-0.25,1.5,0.0036283877707469444,-0.0017743806856267775,0.2078913057006812,-0.10166452453594368,-0.032234719097279034,-0.10612931546820364,0.23562198172342608,0.011167640269680574,0.004504043074534167,-0.006702849337420611,False
471,0.47100000000000003,c:\Users\User\Desktop\Github\activeVision\data\renders\airplane_demo\motion_sequence\frames\frame_00471.png,0.0,-0.25,1.5,0.00351662674236538,-0.0016001678778390079,0.20148787046037575,-0.09168286591258064,-0.03679697364111882,-0.1041789833396661,0.23562198172342608,0.011167640269680574,0.0026628623780684947,0.0013284771574048851,False
472,0.47200000000000003,c:\Users\User\Desktop\Github\activeVision\data\renders\airplane_demo\motion_sequence\frames\frame_00472.png,0.0,-0.25,1.5,0.003544916969318496,-0.0016880150911287855,0.20310878106625657,-0.09671614047607045,-0.033768171013653564,-0.10905612840837756,0.23562198172342608,0.011167640269680574,0.0012549703564840372,0.0011723476626265246,False
473,0.47300000000000003,c:\Users\User\Desktop\Github\activeVision\data\renders\airplane_demo\motion_sequence\frames\frame_00473.png,0.0,-0.25,1.5,0.0034772681367699495,-0.0016749426313933929,0.1992327884722376,-0.09596714370537776,-0.03661258908553204,-0.11063760522875785,0.23562198172342608,0.011167640269680574,0.00022339583434354855,0.0035028212536995073,False
474,0.47400000000000003,c:\Users\User\Desktop\Github\activeVision\data\renders\airplane_demo\motion_sequence\frames\frame_00474.png,0.0,-0.25,1.5,0.0033663469036990896,-0.0015823892722390247,0.1928774699588904,-0.09066422684607396,-0.03743899457369252,-0.11109676739185538,0.23562198172342608,0.011167640269680574,-0.005305517190843162,0.009264900276100847,False
475,0.47500000000000003,c:\Users\User\Desktop\Github\activeVision\data\renders\airplane_demo\motion_sequence\frames\frame_00475.png,0.0,-0.25,1.5,0.0031978420938379936,-0.0015454459200458532,0.1832228555261952,-0.08854752868433986,-0.04258311745474337,-0.1070035918681027,0.23562198172342608,0.011167640269680574,-0.009816008742487517,0.007288422914082263,False
476,0.47600000000000003,c:\Users\User\Desktop\Github\activeVision\data\renders\airplane_demo\motion_sequence\frames\frame_00476.png,0.0,-0.25,1.5,0.003405339798577777,-0.0016945587566963862,0.19511159826643648,-0.09709106489563905,-0.03873091077657005,-0.1085133365350874,0.23562198172342608,0.011167640269680574,-0.0017794726804195309,0.0002546313697677657,False
477,0.47700000000000004,c:\Users\User\Desktop\Github\activeVision\data\renders\airplane_demo\motion_sequence\frames\frame_00477.png,0.0,-0.25,1.5,0.0034787662576136595,-0.001756728911330574,0.19931862447378276,-0.10065315236785372,-0.03823210227712463,-0.10920636819482994,0.23562198172342608,0.011167640269680574,0.0019287450274813017,-0.002614424442704355,False
478,0.47800000000000004,c:\Users\User\Desktop\Github\activeVision\data\renders\airplane_demo\motion_sequence\frames\frame_00478.png,0.0,-0.25,1.5,0.0034172414197969733,-0.0017298662830369659,0.19579351093165978,-0.09911403714000126,-0.03734412279565293,-0.11076813078001174,0.23562198172342608,0.011167640269680574,-0.002484347996113388,0.00048645337032990517,False
479,0.47900000000000004,c:\Users\User\Desktop\Github\activeVision\data\renders\airplane_demo\motion_sequence\frames\frame_00479.png,0.0,-0.25,1.5,0.003683526530382916,-0.0017470735821164436,0.21105052391540868,-0.10009994275407468,-0.03254218512511618,-0.1127298050491222,0.23562198172342608,0.011167640269680574,0.00797072731709878,0.0014622220253669457,False
480,0.48,c:\Users\User\Desktop\Github\activeVision\data\renders\airplane_demo\motion_sequence\frames\frame_00480.png,0.0,-0.25,1.5,0.0035921873306185115,-0.0017234152388550482,0.20581717326480597,-0.09874441953492495,-0.0344940276787407,-0.11347875484590092,0.23562198172342608,0.011167640269680574,0.00468921922012059,0.00356669504129539,False
481,0.481,c:\Users\User\Desktop\Github\activeVision\data\renders\airplane_demo\motion_sequence\frames\frame_00481.png,0.0,-0.25,1.5,0.003439673581817884,-0.0017493173774578577,0.19707877914081162,-0.10022850275722882,-0.032608310606227875,-0.11281814456274177,0.23562198172342608,0.011167640269680574,-0.005934891976386595,0.001422001535832363,False
482,0.482,c:\Users\User\Desktop\Github\activeVision\data\renders\airplane_demo\motion_sequence\frames\frame_00482.png,0.0,-0.25,1.5,0.0034595094885039573,-0.0017954425075200273,0.19821529287673895,-0.10287127803928313,-0.0405731573488436,-0.1130559114067741,0.23562198172342608,0.011167640269680574,0.0031664685021564457,-0.0009830069021896039,False
483,0.483,c:\Users\User\Desktop\Github\activeVision\data\renders\airplane_demo\motion_sequence\frames\frame_00483.png,0.0,-0.25,1.5,0.0033747491124261385,-0.001705828332413563,0.1933588810575383,-0.0977367640211364,-0.03739640300588634,-0.1120429473984966,0.23562198172342608,0.011167640269680574,-0.004866697660001437,0.00313854310767962,False
484,0.484,c:\Users\User\Desktop\Github\activeVision\data\renders\airplane_demo\motion_sequence\frames\frame_00484.png,0.0,-0.25,1.5,0.00372948743826048,-0.0018055026947165552,0.2136838899593827,-0.10344768430675573,-0.03025855518010409,-0.11717428073492353,0.23562198172342608,0.011167640269680574,0.008320463416060688,0.0025589561584872344,False
485,0.485,c:\Users\User\Desktop\Github\activeVision\data\renders\airplane_demo\motion_sequence\frames\frame_00485.png,0.0,-0.25,1.5,0.0035118211093192347,-0.0018675399942081376,0.20121252796894304,-0.1070021597400125,-0.031146344038371587,-0.11482834545085169,0.23562198172342608,0.011167640269680574,-0.003263109716111469,-0.003341454558841379,False
486,0.486,c:\Users\User\Desktop\Github\activeVision\data\renders\airplane_demo\motion_sequence\frames\frame_00486.png,0.0,-0.25,1.5,0.003670608359256165,-0.0018448264162688323,0.21031036723081808,-0.10570076758644883,-0.028580518230227454,-0.11379843129414857,0.23562198172342608,0.011167640269680574,0.003268903737619455,-0.0030699765619808454,False
487,0.487,c:\Users\User\Desktop\Github\activeVision\data\renders\airplane_demo\motion_sequence\frames\frame_00487.png,0.0,-0.25,1.5,0.003625047131581212,-0.001961857951538215,0.20769990117560863,-0.11240618062732091,-0.024008169743822166,-0.11656792003453047,0.23562198172342608,0.011167640269680574,-0.003913910803995283,-0.007005900862471017,False
488,0.488,c:\Users\User\Desktop\Github\activeVision\data\renders\airplane_demo\motion_sequence\frames\frame_00488.png,0.0,-0.25,1.5,0.0038082291478218713,-0.0018192050894931414,0.21819545758889533,-0.10423277369667622,-0.022140388753004253,-0.11972647971539255,0.23562198172342608,0.011167640269680574,0.004713864618473498,0.004326065749035746,False
489,0.489,c:\Users\User\Desktop\Github\activeVision\data\renders\airplane_demo\motion_sequence\frames\frame_00489.png,0.0,-0.25,1.5,0.003553978890275756,-0.0020513741115881575,0.20362799089138872,-0.1175350787964002,-0.02400466139403431,-0.1236505980236533,0.23562198172342608,0.011167640269680574,-0.007989329438003068,-0.005052121042427482,False
490,0.49,c:\Users\User\Desktop\Github\activeVision\data\renders\airplane_demo\motion_sequence\frames\frame_00490.png,0.0,-0.25,1.5,0.003660431339088552,-0.0018508718743836523,0.20972726692719434,-0.10604714682165114,-0.025167990289027047,-0.1241249886943057,0.23562198172342608,0.011167640269680574,-0.0007267245072046867,0.006910201602973975,False
491,0.491,c:\Users\User\Desktop\Github\activeVision\data\renders\airplane_demo\motion_sequence\frames\frame_00491.png,0.0,-0.25,1.5,0.0037261955431782557,-0.002005189073278016,0.21349527826457135,-0.11488887102457909,-0.023286611803451818,-0.11998730992224267,0.23562198172342608,0.011167640269680574,0.0011599083445970864,-0.006069201372016983,False
492,0.492,c:\Users\User\Desktop\Github\activeVision\data\renders\airplane_demo\motion_sequence\frames\frame_00492.png,0.0,-0.25,1.5,0.003554439697273145,-0.0018645858967503716,0.2036543931875092,-0.10683290242341217,-0.02729487304895262,-0.12004906575784242,0.23562198172342608,0.011167640269680574,-0.00467271548696428,0.002048523064749682,False
493,0.493,c:\Users\User\Desktop\Github\activeVision\data\renders\airplane_demo\motion_sequence\frames\frame_00493.png,0.0,-0.25,1.5,0.0036523549142290193,-0.001963938590891072,0.2092645218691886,-0.11252539248092844,-0.02362263551415649,-0.1202533282126255,0.23562198172342608,0.011167640269680574,-0.002734824340080992,-0.0034397045379835137,False
494,0.494,c:\Users\User\Desktop\Github\activeVision\data\renders\airplane_demo\motion_sequence\frames\frame_00494.png,0.0,-0.25,1.5,0.003764406495784397,-0.0019792798027070237,0.21568460458007768,-0.11340437917059872,-0.017701676403616428,-0.12402256126850797,0.23562198172342608,0.011167640269680574,-0.002235700739731985,-0.000549458171771297,False
495,0.495,c:\Users\User\Desktop\Github\activeVision\data\renders\airplane_demo\motion_sequence\frames\frame_00495.png,0.0,-0.25,1.5,0.003956256217556186,-0.0019845505188008563,0.22667678393836027,-0.11370636895778699,-0.01456267630867097,-0.12104127336596379,0.23562198172342608,0.011167640269680574,0.005617478523605172,-0.0038327358615037888,False
496,0.496,c:\Users\User\Desktop\Github\activeVision\data\renders\airplane_demo\motion_sequence\frames\frame_00496.png,0.0,-0.25,1.5,0.003894735802263965,-0.0016937058570284265,0.22315192378822393,-0.09704219734431686,-0.013495644972058442,-0.11570273728904987,0.23562198172342608,0.011167640269680574,0.0010255870368563148,0.007492899675052437,False
497,0.497,c:\Users\User\Desktop\Github\activeVision\data\renders\airplane_demo\motion_sequence\frames\frame_00497.png,0.0,-0.25,1.5,0.0037352522372822118,-0.0017858351331176293,0.21401418861306906,-0.1023208160338237,-0.01602307763131782,-0.11550976185242998,0.23562198172342608,0.011167640269680574,-0.005584715479039197,0.0020213055489256993,False
498,0.498,c:\Users\User\Desktop\Github\activeVision\data\renders\airplane_demo\motion_sequence\frames\frame_00498.png,0.0,-0.25,1.5,0.003770186408630216,-0.0017308517326474159,0.21601576919209656,-0.09917049924360286,-0.018555464808562242,-0.11054249850171642,0.23562198172342608,0.011167640269680574,-0.0010507477227673086,0.00020435898843298428,False
499,0.499,c:\Users\User\Desktop\Github\activeVision\data\renders\airplane_demo\motion_sequence\frames\frame_00499.png,0.0,-0.25,1.5,0.0037437455792634355,-0.0017884341443978782,0.21450082126255446,-0.10246972841108887,-0.018247102664033635,-0.11114017117670323,0.23562198172342608,0.011167640269680574,-0.002874057796837983,-0.002497197504066211,False
500,0.5,c:\Users\User\Desktop\Github\activeVision\data\renders\airplane_demo\motion_sequence\frames\frame_00500.png,0.0,-0.25,1.5,0.00382224986676114,-0.001826830535718971,0.21899878560985456,-0.10466967958232022,-0.016665972136627502,-0.11754922212791868,0.23562198172342608,0.011167640269680574,4.277602305598454e-05,0.0017119022759178833,False
501,0.501,c:\Users\User\Desktop\Github\activeVision\data\renders\airplane_demo\motion_sequence\frames\frame_00501.png,0.0,-0.25,1.5,0.00363867668901302,-0.001767504628596065,0.2084808172930824,-0.1012705554883926,-0.01783759660029292,-0.11714054999738435,0.23562198172342608,0.011167640269680574,-0.009303567830050747,0.004702354239311173,False
502,0.502,c:\Users\User\Desktop\Github\activeVision\data\renders\airplane_demo\motion_sequence\frames\frame_00502.png,0.0,-0.25,1.5,0.003874209365159473,-0.001954288850934114,0.2219758455736958,-0.11197250310799602,-0.017033608612577293,-0.12001262106374015,0.23562198172342608,0.011167640269680574,0.0033874724628470006,-0.003127522313936435,False
503,0.503,c:\Users\User\Desktop\Github\activeVision\data\renders\airplane_demo\motion_sequence\frames\frame_00503.png,0.0,-0.25,1.5,0.0038205101038361893,-0.0019200552933243535,0.21889910453690156,-0.11001106473923876,-0.013713908421044484,-0.11839553757368768,0.23562198172342608,0.011167640269680574,-0.0030089687654800325,-0.0027831674352316507,False
504,0.504,c:\Users\User\Desktop\Github\activeVision\data\renders\airplane_demo\motion_sequence\frames\frame_00504.png,0.0,-0.25,1.5,0.0038580198945464103,-0.001805233182042218,0.22104825723501623,-0.10343224236799092,-0.016181300873283413,-0.12001871299879824,0.23562198172342608,0.011167640269680574,0.001607576384873573,0.005418830361126734,False
505,0.505,c:\Users\User\Desktop\Github\activeVision\data\renders\airplane_demo\motion_sequence\frames\frame_00505.png,0.0,-0.25,1.5,0.0037783475885367042,-0.0019740318554120197,0.2164833703565853,-0.11310369393948788,-0.01972264544694692,-0.11830957581592659,0.23562198172342608,0.011167640269680574,0.0005840340801061453,-0.005961758393241876,False
506,0.506,c:\Users\User\Desktop\Github\activeVision\data\renders\airplane_demo\motion_sequence\frames\frame_00506.png,0.0,-0.25,1.5,0.003824677924040193,-0.0019350734743304337,0.21913790304436032,-0.1108715431268507,-0.019782282390770862,-0.12310866453705042,0.23562198172342608,0.011167640269680574,0.003298203711705108,0.0010694811405191323,False
507,0.507,c:\Users\User\Desktop\Github\activeVision\data\renders\airplane_demo\motion_sequence\frames\frame_00507.png,0.0,-0.25,1.5,0.003698138154063942,-0.002043275906158278,0.21188770828416487,-0.11707108580363818,-0.019269144679441182,-0.12568397232016784,0.23562198172342608,0.011167640269680574,-0.004465128759820009,-0.00255475375315092,False
508,0.508,c:\Users\User\Desktop\Github\activeVision\data\renders\airplane_demo\motion_sequence\frames\frame_00508.png,0.0,-0.25,1.5,0.003802745488956447,-0.002032506741235312,0.21788126707961702,-0.11645405810467191,-0.014831397722039782,-0.12397540060580045,0.23562198172342608,0.011167640269680574,-0.0029093169217692806,-0.0036462977685520303,False
509,0.509,c:\Users\User\Desktop\Github\activeVision\data\renders\airplane_demo\motion_sequence\frames\frame_00509.png,0.0,-0.25,1.5,0.0040544299028897664,-0.002074027300180404,0.23230172176721983,-0.11883301089524984,-0.012909532467560105,-0.12509155434955424,0.23562198172342608,0.011167640269680574,0.009589272511353825,-0.004909096815376155,False
510,0.51,c:\Users\User\Desktop\Github\activeVision\data\renders\airplane_demo\motion_sequence\frames\frame_00510.png,0.0,-0.25,1.5,0.0037491382623446178,-0.0018903875891846608,0.2148097992433578,-0.10831123050419157,-0.013754349595814893,-0.1258406242101011,0.23562198172342608,0.011167640269680574,-0.0070578328842533684,0.006361753436228939,False
511,0.511,c:\Users\User\Desktop\Github\activeVision\data\renders\airplane_demo\motion_sequence\frames\frame_00511.png,0.0,-0.25,1.5,0.0036898287540631175,-0.0020625398043391903,0.21141161473383163,-0.1181748258663742,-0.017991688473410827,-0.12856346737771446,0.23562198172342608,0.011167640269680574,-0.00621867851618362,-0.0007789987583403194,False
512,0.512,c:\Users\User\Desktop\Github\activeVision\data\renders\airplane_demo\motion_sequence\frames\frame_00512.png,0.0,-0.25,1.5,0.0036620219923074364,-0.0021092930971122227,0.20981840464330534,-0.12085359222060846,-0.018761473635871138,-0.1292737175143222,0.23562198172342608,0.011167640269680574,-0.00704210344424961,-0.0027475149759668134,False
513,0.513,c:\Users\User\Desktop\Github\activeVision\data\renders\airplane_demo\motion_sequence\frames\frame_00513.png,0.0,-0.25,1.5,0.0039468618460259475,-0.002082414684042918,0.22613852609849977,-0.11931357259172802,-0.014907934903331739,-0.12578188689548467,0.23562198172342608,0.011167640269680574,0.0054244792784054075,-0.004699325965923945,False
514,0.514,c:\Users\User\Desktop\Github\activeVision\data\renders\airplane_demo\motion_sequence\frames\frame_00514.png,0.0,-0.25,1.5,0.0038209020190067998,-0.002134429039665049,0.2189215596221047,-0.1222937756429687,-0.018999810387300694,-0.13183367626110049,0.23562198172342608,0.011167640269680574,0.0022993882859793074,-0.0016277396515487692,False
515,0.515,c:\Users\User\Desktop\Github\activeVision\data\renders\airplane_demo\motion_sequence\frames\frame_00515.png,0.0,-0.25,1.5,0.0038482881780933296,-0.002080908692533987,0.22049067095483668,-0.11922728563428374,-0.014014908018189606,-0.12931536711199723,0.23562198172342608,0.011167640269680574,-0.0011164027503997975,-0.0010795587919670653,False
516,0.516,c:\Users\User\Desktop\Github\activeVision\data\renders\airplane_demo\motion_sequence\frames\frame_00516.png,0.0,-0.25,1.5,0.003855906522000082,-0.0019688452814852304,0.22092716990757283,-0.11280652514335027,-0.011017590313467543,-0.13046793664777828,0.23562198172342608,0.011167640269680574,-0.003677221502385701,0.006493771234747439,False
517,0.517,c:\Users\User\Desktop\Github\activeVision\data\renders\airplane_demo\motion_sequence\frames\frame_00517.png,0.0,-0.25,1.5,0.003986127773631451,-0.002167684939357613,0.22838829802896135,-0.12419919833926302,-0.012064921039500678,-0.13240832641822892,0.23562198172342608,0.011167640269680574,0.004831237345035937,-0.0029585121907146697,False
518,0.518,c:\Users\User\Desktop\Github\activeVision\data\renders\airplane_demo\motion_sequence\frames\frame_00518.png,0.0,-0.25,1.5,0.003725111295136799,-0.002206007549648837,0.21343315542785055,-0.12639492216887477,-0.0122760857656094,-0.13363966657728718,0.23562198172342608,0.011167640269680574,-0.00991274052996612,-0.0039228958612681965,False
519,0.519,c:\Users\User\Desktop\Github\activeVision\data\renders\airplane_demo\motion_sequence\frames\frame_00519.png,0.0,-0.25,1.5,0.003879612903307004,-0.0018064685085414844,0.22228544550398727,-0.10350302136271956,-0.015526920088784502,-0.1271044804366765,0.23562198172342608,0.011167640269680574,0.0021903838693456616,0.01243381880427634,False
520,0.52,c:\Users\User\Desktop\Github\activeVision\data\renders\airplane_demo\motion_sequence\frames\frame_00520.png,0.0,-0.25,1.5,0.003931639564618392,-0.002099943207861788,0.22526635361928635,-0.1203178830276438,-0.011694953011891315,-0.13113865070605724,0.23562198172342608,0.011167640269680574,0.0013393249077515747,-0.0003468725912671567,False
521,0.521,c:\Users\User\Desktop\Github\activeVision\data\renders\airplane_demo\motion_sequence\frames\frame_00521.png,0.0,-0.25,1.5,0.003888696430114345,-0.002039323893904732,0.22280589325314185,-0.116844652180926,-0.011060521085956348,-0.13361344419101567,0.23562198172342608,0.011167640269680574,-0.0017555673843279282,0.005601151740409062,False
522,0.522,c:\Users\User\Desktop\Github\activeVision\data\renders\airplane_demo\motion_sequence\frames\frame_00522.png,0.0,-0.25,1.5,0.004134764016131223,-0.002040469374537051,0.2369045274068813,-0.11691028338667188,-0.006682346376971059,-0.13536915038182842,0.23562198172342608,0.011167640269680574,0.007964892060426257,0.007291226725475996,False
523,0.523,c:\Users\User\Desktop\Github\activeVision\data\renders\airplane_demo\motion_sequence\frames\frame_00523.png,0.0,-0.25,1.5,0.004145833751650847,-0.0020938207313420734,0.23753877653248184,-0.11996709096289622,-0.004427039744355568,-0.13405003434846627,0.23562198172342608,0.011167640269680574,0.006343834553411306,0.0029153031158894857,False
524,0.524,c:\Users\User\Desktop\Github\activeVision\data\renders\airplane_demo\motion_sequence\frames\frame_00524.png,0.0,-0.25,1.5,0.0040264780290538245,-0.002006748650624056,0.2307001973669382,-0.11497822822433139,-0.004054165926484934,-0.13546815537700943,0.23562198172342608,0.011167640269680574,-0.0008676184300029488,0.009322286882997471,False
525,0.525,c:\Users\User\Desktop\Github\activeVision\data\renders\airplane_demo\motion_sequence\frames\frame_00525.png,0.0,-0.25,1.5,0.003997722653483338,-0.002251824820580606,0.22905263570843576,-0.12902005842207256,-0.005505002119316633,-0.1373918238372356,0.23562198172342608,0.011167640269680574,-0.0010643438956737272,-0.002795874854517509,False
526,0.526,c:\Users\User\Desktop\Github\activeVision\data\renders\airplane_demo\motion_sequence\frames\frame_00526.png,0.0,-0.25,1.5,0.004102470483937329,-0.0021696952738881714,0.23505424430660135,-0.12431438202327343,-0.0035752892693419053,-0.13641444414428266,0.23562198172342608,0.011167640269680574,0.0030075518525171452,0.0009324218513286806,False
527,0.527,c:\Users\User\Desktop\Github\activeVision\data\renders\airplane_demo\motion_sequence\frames\frame_00527.png,0.0,-0.25,1.5,0.004033912007488753,-0.0021692376531556924,0.2311261329562509,-0.1242881622866847,-0.009884488056610225,-0.13582300215783352,0.23562198172342608,0.011167640269680574,0.005388639289435024,0.0003671996014682387,False
528,0.528,c:\Users\User\Desktop\Github\activeVision\data\renders\airplane_demo\motion_sequence\frames\frame_00528.png,0.0,-0.25,1.5,0.0038521494321553025,-0.0021765852665699185,0.22071190451621547,-0.12470914952481356,-0.012172341555812349,-0.1374527239098375,0.23562198172342608,0.011167640269680574,-0.002737735651398258,0.0015759341153433856,False
529,0.529,c:\Users\User\Desktop\Github\activeVision\data\renders\airplane_demo\motion_sequence\frames\frame_00529.png,0.0,-0.25,1.5,0.004039418602998691,-0.0022051126534982316,0.23144163763845604,-0.12634364839634257,-0.00863587085434189,-0.13589315604142924,0.23562198172342608,0.011167640269680574,0.004455526769371843,-0.0016181326245939508,False
530,0.53,c:\Users\User\Desktop\Github\activeVision\data\renders\airplane_demo\motion_sequence\frames\frame_00530.png,0.0,-0.25,1.5,0.003991860728207185,-0.0024191635838713803,0.22871677213029112,-0.13860786330757263,-0.004276433264987994,-0.13994827638025842,0.23562198172342608,0.011167640269680574,-0.0026287763281469716,-0.009827227196994817,False
531,0.531,c:\Users\User\Desktop\Github\activeVision\data\renders\airplane_demo\motion_sequence\frames\frame_00531.png,0.0,-0.25,1.5,0.004281090330704366,-0.002369970854531697,0.24528840766362606,-0.13578932753367942,0.000700550723303724,-0.14594135072161654,0.23562198172342608,0.011167640269680574,0.00896587521689625,-0.0010156170817434205,False
532,0.532,c:\Users\User\Desktop\Github\activeVision\data\renders\airplane_demo\motion_sequence\frames\frame_00532.png,0.0,-0.25,1.5,0.004245181953459446,-0.002497228561751593,0.24323100919832852,-0.14308065706789094,0.00035443576410763665,-0.15163770010373756,0.23562198172342608,0.011167640269680574,0.0072545917107947845,-0.002610597233833985,False
533,0.533,c:\Users\User\Desktop\Github\activeVision\data\renders\airplane_demo\motion_sequence\frames\frame_00533.png,0.0,-0.25,1.5,0.004103481348540431,-0.0025992736073127696,0.23511216258201825,-0.14892740749876657,-0.0025687611466037323,-0.1585849499836144,0.23562198172342608,0.011167640269680574,0.002058942005195906,-0.0015100977848327523,False
534,0.534,c:\Users\User\Desktop\Github\activeVision\data\renders\airplane_demo\motion_sequence\frames\frame_00534.png,0.0,-0.25,1.5,0.004307501857154072,-0.002678917775786064,0.24680167665969233,-0.15349068221511525,0.0005595904446013544,-0.16017699410769848,0.23562198172342608,0.011167640269680574,0.010620104491664862,-0.0044813283770973504,False
535,0.535,c:\Users\User\Desktop\Github\activeVision\data\renders\airplane_demo\motion_sequence\frames\frame_00535.png,0.0,-0.25,1.5,0.004137895322521142,-0.002703027835726513,0.237083938047386,-0.1548720868935104,0.0014305875715855765,-0.1595064236403539,0.23562198172342608,0.011167640269680574,3.136875237434647e-05,-0.006533303522837112,False
536,0.536,c:\Users\User\Desktop\Github\activeVision\data\renders\airplane_demo\motion_sequence\frames\frame_00536.png,0.0,-0.25,1.5,0.004057408218961847,-0.002689112686300371,0.23247236670820604,-0.1540748075600986,0.0010180848289030745,-0.16023383653329196,0.23562198172342608,0.011167640269680574,-0.004167699844123142,-0.005008611296487172,False
537,0.537,c:\Users\User\Desktop\Github\activeVision\data\renders\airplane_demo\motion_sequence\frames\frame_00537.png,0.0,-0.25,1.5,0.004232236221059126,-0.0025276249863915414,0.24248927336908443,-0.14482224391204745,-0.0014101958192917386,-0.1590065486351659,0.23562198172342608,0.011167640269680574,0.008277487464950061,0.003016664453437849,False
538,0.538,c:\Users\User\Desktop\Github\activeVision\data\renders\airplane_demo\motion_sequence\frames\frame_00538.png,0.0,-0.25,1.5,0.004026064512521694,-0.0026081813771154944,0.23067650461488823,-0.14943778511333677,-0.003195371468080491,-0.16062389556709494,0.23562198172342608,0.011167640269680574,-0.0017501056404573996,1.847018407758394e-05,False
539,0.539,c:\Users\User\Desktop\Github\activeVision\data\renders\airplane_demo\motion_sequence\frames\frame_00539.png,0.0,-0.25,1.5,0.004054260506095507,-0.0027474087245405888,0.23229201604584573,-0.1574149245135963,0.002628218453054769,-0.1610798317425231,0.23562198172342608,0.011167640269680574,-0.005958184130635129,-0.007502733040753802,False
540,0.54,c:\Users\User\Desktop\Github\activeVision\data\renders\airplane_demo\motion_sequence\frames\frame_00540.png,0.0,-0.25,1.5,0.004269567803139216,-0.0026828567939410205,0.24462821546481978,-0.15371637133081964,0.0022212936574823377,-0.16233168928130545,0.23562198172342608,0.011167640269680574,0.006784940083911371,-0.0025523223191947757,False
541,0.541,c:\Users\User\Desktop\Github\activeVision\data\renders\airplane_demo\motion_sequence\frames\frame_00541.png,0.0,-0.25,1.5,0.004120322422681435,-0.002596298598843036,0.2360770850527647,-0.14875695206943515,0.00016752845526482658,-0.15939619479400974,0.23562198172342608,0.011167640269680574,0.00028757487407378055,-0.0005283975451059606,False
542,0.542,c:\Users\User\Desktop\Github\activeVision\data\renders\airplane_demo\motion_sequence\frames\frame_00542.png,0.0,-0.25,1.5,0.004270489551373618,-0.0025739676452714915,0.24468102774842468,-0.14747748267728308,0.005805083028860762,-0.1644456034265949,0.23562198172342608,0.011167640269680574,0.0032539629961378727,0.005800480479631267,False
543,0.543,c:\Users\User\Desktop\Github\activeVision\data\renders\airplane_demo\motion_sequence\frames\frame_00543.png,0.0,-0.25,1.5,0.004096437018230581,-0.0026684699421489623,0.23470855218576775,-0.1528920654426545,0.0027178774628829976,-0.16090908048751607,0.23562198172342608,0.011167640269680574,-0.003631307000541327,-0.003150625224819026,False
544,0.544,c:\Users\User\Desktop\Github\activeVision\data\renders\airplane_demo\motion_sequence\frames\frame_00544.png,0.0,-0.25,1.5,0.004196315530968227,-0.002621451015947968,0.2404311694296785,-0.15019807941410043,0.003779368566995995,-0.15945526167073665,0.23562198172342608,0.011167640269680574,0.0010298191392563792,-0.0019104580130443823,False
545,0.545,c:\Users\User\Desktop\Github\activeVision\data\renders\airplane_demo\motion_sequence\frames\frame_00545.png,0.0,-0.25,1.5,0.00412483646534606,-0.0026011790349962857,0.2363357206459897,-0.14903658046319943,0.0002010364368887334,-0.15437990262302384,0.23562198172342608,0.011167640269680574,0.0005127024856748827,-0.005824318109856194,False
546,0.546,c:\Users\User\Desktop\Github\activeVision\data\renders\airplane_demo\motion_sequence\frames\frame_00546.png,0.0,-0.25,1.5,0.004003960774521938,-0.002505228362719339,0.22941005371603929,-0.14353901190028748,-0.0010931449871495603,-0.15410728680036156,0.23562198172342608,0.011167640269680574,-0.005118783020237273,-0.0005993653696064926,False
547,0.547,c:\Users\User\Desktop\Github\activeVision\data\renders\airplane_demo\motion_sequence\frames\frame_00547.png,0.0,-0.25,1.5,0.004205250144823288,-0.002361814312844102,0.2409430850951526,-0.1353219921195577,-4.3306809718428526e-05,-0.1496547535574184,0.23562198172342608,0.011167640269680574,0.0053644101814449355,0.0031651211681801334,False
548,0.548,c:\Users\User\Desktop\Github\activeVision\data\renders\airplane_demo\motion_sequence\frames\frame_00548.png,0.0,-0.25,1.5,0.0040167042402905915,-0.0025321056118213807,0.23014020052095258,-0.14507896483875624,-0.0020446505930707733,-0.1506398556508567,0.23562198172342608,0.011167640269680574,-0.003437130609402752,-0.005606749457580155,False
549,0.549,c:\Users\User\Desktop\Github\activeVision\data\renders\airplane_demo\motion_sequence\frames\frame_00549.png,0.0,-0.25,1.5,0.003974956949700394,-0.0025654364877775015,0.22774825696402803,-0.14698868335851603,-0.002175982890954594,-0.15609384174151084,0.23562198172342608,0.011167640269680574,-0.005697741868443463,-0.002062481886685764,False
550,0.55,c:\Users\User\Desktop\Github\activeVision\data\renders\airplane_demo\motion_sequence\frames\frame_00550.png,0.0,-0.25,1.5,0.004059284647903959,-0.0023442065848847038,0.23257987816714523,-0.13431314362066968,0.0017610430094668343,-0.14913628692950345,0.23562198172342608,0.011167640269680574,-0.0048031465657477155,0.0036555030391532167,False
551,0.551,c:\Users\User\Desktop\Github\activeVision\data\renders\airplane_demo\motion_sequence\frames\frame_00551.png,0.0,-0.25,1.5,0.004122933376580539,-0.0024901131582897207,0.23622668169168656,-0.1426729744799929,0.003022518612372872,-0.1509433914125534,0.23562198172342608,0.011167640269680574,-0.002417818644112394,-0.0028972233371200866,False
552,0.552,c:\Users\User\Desktop\Github\activeVision\data\renders\airplane_demo\motion_sequence\frames\frame_00552.png,0.0,-0.25,1.5,0.00419913502238115,-0.0025633035870570595,0.2405927143880124,-0.1468664771491143,0.0031946313456759213,-0.14888700412581335,0.23562198172342608,0.011167640269680574,0.001776101318910426,-0.009147113292981509,False
553,0.553,c:\Users\User\Desktop\Github\activeVision\data\renders\airplane_demo\motion_sequence\frames\frame_00553.png,0.0,-0.25,1.5,0.003963023160350404,-0.002555174193222076,0.22706450120067545,-0.14640069719237006,0.004071468213752427,-0.15032232512009044,0.23562198172342608,0.011167640269680574,-0.012628948736503054,-0.0072460123419601855,False
554,0.554,c:\Users\User\Desktop\Github\activeVision\data\renders\airplane_demo\motion_sequence\frames\frame_00554.png,0.0,-0.25,1.5,0.004115894924504015,-0.002339505249045918,0.23582340809339666,-0.13404377691903366,-0.0011651702680906392,-0.1485059637772103,0.23562198172342608,0.011167640269680574,0.001366596638061243,0.003294546588496068,False
555,0.555,c:\Users\User\Desktop\Github\activeVision\data\renders\airplane_demo\motion_sequence\frames\frame_00555.png,0.0,-0.25,1.5,0.0040862917540960475,-0.0025583754677990867,0.23412727136881353,-0.14658411671469532,-0.0028044172372793763,-0.15158833950688771,0.23562198172342608,0.011167640269680574,0.0013097068826668566,-0.006163417477488156,False
556,0.556,c:\Users\User\Desktop\Github\activeVision\data\renders\airplane_demo\motion_sequence\frames\frame_00556.png,0.0,-0.25,1.5,0.004160684932173781,-0.002556852365996829,0.23838968649723286,-0.14649684940965718,-0.001363171539660012,-0.15357979605170807,0.23562198172342608,0.011167640269680574,0.004130876313466763,-0.004084693627629655,False
557,0.557,c:\Users\User\Desktop\Github\activeVision\data\renders\airplane_demo\motion_sequence\frames\frame_00557.png,0.0,-0.25,1.5,0.003943282520580405,-0.0024228439329889704,0.22593344585696643,-0.13881873177914525,0.00011174970991069317,-0.16261414627779694,0.23562198172342608,0.011167640269680574,-0.00980028557637038,0.01262777422897109,False
558,0.558,c:\Users\User\Desktop\Github\activeVision\data\renders\airplane_demo\motion_sequence\frames\frame_00558.png,0.0,-0.25,1.5,0.0040644179213958865,-0.0026649654474897606,0.23287399307331907,-0.1526912726893561,0.0011742370230001552,-0.16445478870919109,0.23562198172342608,0.011167640269680574,-0.003922225673107122,0.00059587575015443,False
559,0.559,c:\Users\User\Desktop\Github\activeVision\data\renders\airplane_demo\motion_sequence\frames\frame_00559.png,0.0,-0.25,1.5,0.004156190909991242,-0.002739867857188326,0.23813219799313518,-0.15698286464044364,0.000319517268089159,-0.16445125578722067,0.23562198172342608,0.011167640269680574,0.002190699001619939,-0.0036992491229035558,False
560,0.56,c:\Users\User\Desktop\Github\activeVision\data\renders\airplane_demo\motion_sequence\frames\frame_00560.png,0.0,-0.25,1.5,0.004196769570969153,-0.002600008579200934,0.2404571840054617,-0.14896951828601918,0.0006570789446314737,-0.16256577536058153,0.23562198172342608,0.011167640269680574,0.004178123337404167,0.0024286168048817934,False
561,0.561,c:\Users\User\Desktop\Github\activeVision\data\renders\airplane_demo\motion_sequence\frames\frame_00561.png,0.0,-0.25,1.5,0.00406885553039932,-0.002714148870540369,0.23312824934034504,-0.1555092752521624,-0.0002294909128744105,-0.16410776175319894,0.23562198172342608,0.011167640269680574,-0.0022642414702065895,-0.002569153768644034,False
562,0.562,c:\Users\User\Desktop\Github\activeVision\data\renders\airplane_demo\motion_sequence\frames\frame_00562.png,0.0,-0.25,1.5,0.004225326077005821,-0.0026008543560041577,0.2420933512790026,-0.14901797772725395,-0.0006275653749224098,-0.16474447586972843,0.23562198172342608,0.011167640269680574,0.007098934930498949,0.004558857872793931,False
563,0.5630000000000001,c:\Users\User\Desktop\Github\activeVision\data\renders\airplane_demo\motion_sequence\frames\frame_00563.png,0.0,-0.25,1.5,0.004053348968355687,-0.002673193497477479,0.23223978878048715,-0.15316270522727501,0.0019211145810905563,-0.1631925276736322,0.23562198172342608,0.011167640269680574,-0.005303307524029485,-0.0011378178233234,False
564,0.5640000000000001,c:\Users\User\Desktop\Github\activeVision\data\renders\airplane_demo\motion_sequence\frames\frame_00564.png,0.0,-0.25,1.5,0.004053192804320162,-0.0024443859003665134,0.23223084124033985,-0.14005299559228696,0.005479590031578827,-0.1595949370008394,0.23562198172342608,0.011167640269680574,-0.008870730514665083,0.008374301138871883,False
565,0.5650000000000001,c:\Users\User\Desktop\Github\activeVision\data\renders\airplane_demo\motion_sequence\frames\frame_00565.png,0.0,-0.25,1.5,0.004286992141371272,-0.0025270806820379375,0.24562655650632506,-0.14479105756981536,0.009754630549375453,-0.1614746224200324,0.23562198172342608,0.011167640269680574,0.0002499442335235176,0.005515924580536475,False
566,0.5660000000000001,c:\Users\User\Desktop\Github\activeVision\data\renders\airplane_demo\motion_sequence\frames\frame_00566.png,0.0,-0.25,1.5,0.004283314438684604,-0.0025003853696299577,0.24541583966407504,-0.1432615288360549,0.008290701479896072,-0.15969925196508403,0.23562198172342608,0.011167640269680574,0.0015031564607529398,0.00527008285934852,False
567,0.5670000000000001,c:\Users\User\Desktop\Github\activeVision\data\renders\airplane_demo\motion_sequence\frames\frame_00567.png,0.0,-0.25,1.5,0.004222255499441017,-0.002581106669416393,0.24191742014387177,-0.14788651863062793,0.008730677751977061,-0.1635432175766194,0.23562198172342608,0.011167640269680574,-0.0024352393315313944,0.004489058676310944,False
568,0.5680000000000001,c:\Users\User\Desktop\Github\activeVision\data\renders\airplane_demo\motion_sequence\frames\frame_00568.png,0.0,-0.25,1.5,0.0042232034525133974,-0.002687084011282769,0.24197173385409565,-0.15395857304358634,0.009524925233768727,-0.16647729806070058,0.23562198172342608,0.011167640269680574,-0.0031751731030991554,0.0013510847474336434,False
569,0.5690000000000001,c:\Users\User\Desktop\Github\activeVision\data\renders\airplane_demo\motion_sequence\frames\frame_00569.png,0.0,-0.25,1.5,0.004225369959827306,-0.0027188549712552387,0.24209586557946683,-0.15577891496108792,0.008312047271444403,-0.16344714653104578,0.23562198172342608,0.011167640269680574,-0.001838163415403659,-0.003499408699722744,False
570,0.5700000000000001,c:\Users\User\Desktop\Github\activeVision\data\renders\airplane_demo\motion_sequence\frames\frame_00570.png,0.0,-0.25,1.5,0.004264815811749134,-0.002667449053488315,0.24435594641388558,-0.15283357283104662,0.005930352740981096,-0.16425640638660988,0.23562198172342608,0.011167640269680574,0.0028036119494784114,0.0002551932858826707,False
571,0.5710000000000001,c:\Users\User\Desktop\Github\activeVision\data\renders\airplane_demo\motion_sequence\frames\frame_00571.png,0.0,-0.25,1.5,0.004147757393727438,-0.002718565928956564,0.23764899310476428,-0.15576235405727312,0.004565107931658466,-0.1689336573007349,0.23562198172342608,0.011167640269680574,-0.00253809655032032,0.0020036629737811822,False
572,0.5720000000000001,c:\Users\User\Desktop\Github\activeVision\data\renders\airplane_demo\motion_sequence\frames\frame_00572.png,0.0,-0.25,1.5,0.004058737057276678,-0.002643877558490979,0.23254850353530113,-0.15148302565088553,0.0013697855465494338,-0.16439099169884114,0.23562198172342608,0.011167640269680574,-0.004443263734674389,0.001740325778275003,False
573,0.5730000000000001,c:\Users\User\Desktop\Github\activeVision\data\renders\airplane_demo\motion_sequence\frames\frame_00573.png,0.0,-0.25,1.5,0.00443366642494373,-0.0028319663735922977,0.2540303739181319,-0.16225972092980762,0.005397992928912185,-0.164920854364258,0.23562198172342608,0.011167640269680574,0.013010399265793634,-0.008506506835230198,False
574,0.5740000000000001,c:\Users\User\Desktop\Github\activeVision\data\renders\airplane_demo\motion_sequence\frames\frame_00574.png,0.0,-0.25,1.5,0.004319943802119103,-0.002607090176856758,0.24751454759512265,-0.1493752639439076,0.006768432818222722,-0.15937862644972622,0.23562198172342608,0.011167640269680574,0.005124133053473819,-0.0011642777638619715,False
575,0.5750000000000001,c:\Users\User\Desktop\Github\activeVision\data\renders\airplane_demo\motion_sequence\frames\frame_00575.png,0.0,-0.25,1.5,0.004301029730977654,-0.0026783580916699794,0.24643085114530744,-0.15345861467740307,0.006494930384910056,-0.1588034218107993,0.23562198172342608,0.011167640269680574,0.004313939036971294,-0.005822833136284323,False
576,0.5760000000000001,c:\Users\User\Desktop\Github\activeVision\data\renders\airplane_demo\motion_sequence\frames\frame_00576.png,0.0,-0.25,1.5,0.0044806383008729935,-0.002699540974487857,0.25672166416469083,-0.15467230446078764,0.006236810978101112,-0.16161017803663139,0.23562198172342608,0.011167640269680574,0.014862871463163677,-0.004229766693836829,False
577,0.577,c:\Users\User\Desktop\Github\activeVision\data\renders\airplane_demo\motion_sequence\frames\frame_00577.png,0.0,-0.25,1.5,0.004144620654576015,-0.0027681729167927183,0.23746927118995428,-0.15860462509464157,0.0075833760541813774,-0.16069121070322304,0.23562198172342608,0.011167640269680574,-0.0057360865876531905,-0.009081054661099116,False
578,0.578,c:\Users\User\Desktop\Github\activeVision\data\renders\airplane_demo\motion_sequence\frames\frame_00578.png,0.0,-0.25,1.5,0.004102764309761665,-0.0026197663329912842,0.23507107928624776,-0.15010155419086482,0.007124743126886449,-0.16463516722567859,0.23562198172342608,0.011167640269680574,-0.007675645564064803,0.003365972765133173,False
579,0.579,c:\Users\User\Desktop\Github\activeVision\data\renders\airplane_demo\motion_sequence\frames\frame_00579.png,0.0,-0.25,1.5,0.004332391736682206,-0.0025021119757781896,0.2482277617092435,-0.14336045608122994,0.008915337578247808,-0.16017609771975758,0.23562198172342608,0.011167640269680574,0.0036904424075696047,0.005648001368847059,False
580,0.58,c:\Users\User\Desktop\Github\activeVision\data\renders\airplane_demo\motion_sequence\frames\frame_00580.png,0.0,-0.25,1.5,0.004291915711884398,-0.0027871207140991853,0.24590865631686223,-0.15969025391137148,0.015191458703151601,-0.16392475262760858,0.23562198172342608,0.011167640269680574,-0.004904784109715475,-0.006933141553443465,False
581,0.581,c:\Users\User\Desktop\Github\activeVision\data\renders\airplane_demo\motion_sequence\frames\frame_00581.png,0.0,-0.25,1.5,0.004320181065785001,-0.002600614175847024,0.2475281418018104,-0.14900421641792738,0.017334782902174287,-0.16174035249659846,0.23562198172342608,0.011167640269680574,-0.005428622823789994,0.0015684958089905207,False
582,0.582,c:\Users\User\Desktop\Github\activeVision\data\renders\airplane_demo\motion_sequence\frames\frame_00582.png,0.0,-0.25,1.5,0.00448168669501822,-0.002517674629697728,0.2567817327244786,-0.14425213046884222,0.01585966880474164,-0.16105331502044518,0.23562198172342608,0.011167640269680574,0.005300082196310842,0.005633544281922383,False
583,0.583,c:\Users\User\Desktop\Github\activeVision\data\renders\airplane_demo\motion_sequence\frames\frame_00583.png,0.0,-0.25,1.5,0.004194409123382553,-0.0024923700893280955,0.24032194032098766,-0.14280228710314385,0.01037012095141218,-0.15698446003926964,0.23562198172342608,0.011167640269680574,-0.00567016235385058,0.0030145326664451715,False
584,0.584,c:\Users\User\Desktop\Github\activeVision\data\renders\airplane_demo\motion_sequence\frames\frame_00584.png,0.0,-0.25,1.5,0.004360862017415195,-0.0027694553524260945,0.2498589886367964,-0.1586781032439312,0.007431025675076251,-0.16075617738982648,0.23562198172342608,0.011167640269680574,0.006805981238294026,-0.009089566123785312,False
585,0.585,c:\Users\User\Desktop\Github\activeVision\data\renders\airplane_demo\motion_sequence\frames\frame_00585.png,0.0,-0.25,1.5,0.004174587291024257,-0.002814554969142113,0.23918623298464148,-0.16126212093941672,0.00430705581136955,-0.16583081706147376,0.23562198172342608,0.011167640269680574,-0.0007428045501541745,-0.006598944147623527,False
586,0.586,c:\Users\User\Desktop\Github\activeVision\data\renders\airplane_demo\motion_sequence\frames\frame_00586.png,0.0,-0.25,1.5,0.004371357705524552,-0.0027801015554057684,0.2504603472685482,-0.15928808574250614,0.005238188371560548,-0.1655133578168221,0.23562198172342608,0.011167640269680574,0.009600177173561559,-0.004942368195364571,False
587,0.587,c:\Users\User\Desktop\Github\activeVision\data\renders\airplane_demo\motion_sequence\frames\frame_00587.png,0.0,-0.25,1.5,0.004213821226368773,-0.00267313655966802,0.2414341718935714,-0.1531594429310983,0.0037953782544041716,-0.1673262716506646,0.23562198172342608,0.011167640269680574,0.002016811915741139,0.0029991884498857223,False
588,0.588,c:\Users\User\Desktop\Github\activeVision\data\renders\airplane_demo\motion_sequence\frames\frame_00588.png,0.0,-0.25,1.5,0.004142016071194513,-0.002733413927189302,0.23732003955480432,-0.1566130816902267,0.0022774967260235355,-0.16333116042294143,0.23562198172342608,0.011167640269680574,-0.0005794388946452813,-0.0044495615369658315,False
589,0.589,c:\Users\User\Desktop\Github\activeVision\data\renders\airplane_demo\motion_sequence\frames\frame_00589.png,0.0,-0.25,1.5,0.003999218745074643,-0.002637989104449626,0.22913835544238254,-0.15114564208645925,0.004281422732650961,-0.16109402555551564,0.23562198172342608,0.011167640269680574,-0.010765049013694494,-0.001219256800624214,False
590,0.59,c:\Users\User\Desktop\Github\activeVision\data\renders\airplane_demo\motion_sequence\frames\frame_00590.png,0.0,-0.25,1.5,0.004262897017495865,-0.002797329978703954,0.24424600760141932,-0.16027520168515702,0.006061244912204092,-0.16234588162343014,0.23562198172342608,0.011167640269680574,0.0025627809657891064,-0.009096960331407451,False
591,0.591,c:\Users\User\Desktop\Github\activeVision\data\renders\airplane_demo\motion_sequence\frames\frame_00591.png,0.0,-0.25,1.5,0.004309953470069208,-0.002781515124778329,0.2469421437327294,-0.15936907730160282,0.00844536342347173,-0.16802697704687988,0.23562198172342608,0.011167640269680574,0.0028747985858315946,-0.0025097405244035105,False
592,0.592,c:\Users\User\Desktop\Github\activeVision\data\renders\airplane_demo\motion_sequence\frames\frame_00592.png,0.0,-0.25,1.5,0.004247204631404343,-0.0026417005824592504,0.24334690010788532,-0.15135829411216636,0.00984681132675293,-0.1665453971702058,0.23562198172342608,0.011167640269680574,-0.002121892942293685,0.004019462788358877,False
593,0.593,c:\Users\User\Desktop\Github\activeVision\data\renders\airplane_demo\motion_sequence\frames\frame_00593.png,0.0,-0.25,1.5,0.004250602240211639,-0.002772649892364475,0.24354156875297983,-0.1588611368998864,0.010766231323109577,-0.16474392984690553,0.23562198172342608,0.011167640269680574,-0.00284664429355581,-0.00528484732266145,False
594,0.594,c:\Users\User\Desktop\Github\activeVision\data\renders\airplane_demo\motion_sequence\frames\frame_00594.png,0.0,-0.25,1.5,0.004195316685090208,-0.0028289729521943645,0.24037393977648397,-0.16208821051740188,0.0077020807675175175,-0.16875178037511615,0.23562198172342608,0.011167640269680574,-0.0029501227144596294,-0.004504070411966303,False
595,0.595,c:\Users\User\Desktop\Github\activeVision\data\renders\airplane_demo\motion_sequence\frames\frame_00595.png,0.0,-0.25,1.5,0.004348421740862934,-0.0028479173617709038,0.24914621329437628,-0.1631736452315048,0.00789508022188793,-0.1694366310456663,0.23562198172342608,0.011167640269680574,0.0056291513490622745,-0.00490465445551909,False
596,0.596,c:\Users\User\Desktop\Github\activeVision\data\renders\airplane_demo\motion_sequence\frames\frame_00596.png,0.0,-0.25,1.5,0.004132962164684643,-0.0027770449539381336,0.23680128892368274,-0.15911295537875716,0.007144350744942525,-0.17057883914553665,0.23562198172342608,0.011167640269680574,-0.005965043544685882,0.00029824349709890946,False
597,0.597,c:\Users\User\Desktop\Github\activeVision\data\renders\airplane_demo\motion_sequence\frames\frame_00597.png,0.0,-0.25,1.5,0.004278082281994561,-0.002708484277025873,0.24511605916798446,-0.1551847179511246,0.007935030259805378,-0.1714106741971698,0.23562198172342608,0.011167640269680574,0.0015590471847530152,0.005058315976364648,False
598,0.598,c:\Users\User\Desktop\Github\activeVision\data\renders\airplane_demo\motion_sequence\frames\frame_00598.png,0.0,-0.25,1.5,0.004215471421787372,-0.002748426175753029,0.2415287211264289,-0.1574732201739296,0.008064818057350315,-0.1709510986196731,0.23562198172342608,0.011167640269680574,-0.0021580786543474954,0.0023102381760628987,False
599,0.599,c:\Users\User\Desktop\Github\activeVision\data\renders\airplane_demo\motion_sequence\frames\frame_00599.png,0.0,-0.25,1.5,0.004359801474909938,-0.0027661028767622686,0.2497982240272509,-0.15848602053747365,0.01105085285342625,-0.16824311445748127,0.23562198172342608,0.011167640269680574,0.0031253894503985315,-0.0014105463496729843,False
600,0.6,c:\Users\User\Desktop\Github\activeVision\data\renders\airplane_demo\motion_sequence\frames\frame_00600.png,0.0,-0.25,1.5,0.004338268910140919,-0.0027205108675249505,0.24856449894389407,-0.15587379082865388,0.014004172322193998,-0.16975172383581838,0.23562198172342608,0.011167640269680574,-0.0010616551017260465,0.002710292737483918,False
601,0.601,c:\Users\User\Desktop\Github\activeVision\data\renders\airplane_demo\motion_sequence\frames\frame_00601.png,0.0,-0.25,1.5,0.0045014452368498,-0.002685053419654585,0.2579138137807608,-0.1538422287133768,0.01883269293235403,-0.16578786246094282,0.23562198172342608,0.011167640269680574,0.0034591391249806725,0.0007779934778854255,False
602,0.602,c:\Users\User\Desktop\Github\activeVision\data\renders\airplane_demo\motion_sequence\frames\frame_00602.png,0.0,-0.25,1.5,0.004544629452786357,-0.0026786725236287307,0.26038808709550704,-0.15347663030158354,0.016230204584359916,-0.16753734188533084,0.23562198172342608,0.011167640269680574,0.008535900787721052,0.002893071314066707,False
603,0.603,c:\Users\User\Desktop\Github\activeVision\data\renders\airplane_demo\motion_sequence\frames\frame_00603.png,0.0,-0.25,1.5,0.004357563159868062,-0.002653641061169505,0.2496699780221308,-0.15204243314762977,0.01734889054198664,-0.16579254975435595,0.23562198172342608,0.011167640269680574,-0.003300894243281937,0.0025824763370455796,False
604,0.604,c:\Users\User\Desktop\Github\activeVision\data\renders\airplane_demo\motion_sequence\frames\frame_00604.png,0.0,-0.25,1.5,0.004304502192733804,-0.002685746191620535,0.2466298085484554,-0.15388192162319073,0.02041975633104285,-0.1675717708233277,0.23562198172342608,0.011167640269680574,-0.009411929506013534,0.0025222089304563745,False
605,0.605,c:\Users\User\Desktop\Github\activeVision\data\renders\airplane_demo\motion_sequence\frames\frame_00605.png,0.0,-0.25,1.5,0.004777000458764972,-0.002735908827394203,0.27370196501929095,-0.15675602894227386,0.024702753697431058,-0.168171895903535,0.23562198172342608,0.011167640269680574,0.013377229598433783,0.0002482266915805716,False
606,0.606,c:\Users\User\Desktop\Github\activeVision\data\renders\airplane_demo\motion_sequence\frames\frame_00606.png,0.0,-0.25,1.5,0.004482495727643426,-0.0026873214660083473,0.25682808687939124,-0.15397217819718742,0.028853436833196952,-0.17012023362405765,0.23562198172342608,0.011167640269680574,-0.007647331677231817,0.0049804151571896564,False
607,0.607,c:\Users\User\Desktop\Github\activeVision\data\renders\airplane_demo\motion_sequence\frames\frame_00607.png,0.0,-0.25,1.5,0.004495274237190193,-0.0029027619909830745,0.25756024154488866,-0.16631601101432208,0.023880651396449768,-0.17610681407713114,0.23562198172342608,0.011167640269680574,-0.001942391574987205,-0.00137683720687155,False
608,0.608,c:\Users\User\Desktop\Github\activeVision\data\renders\airplane_demo\motion_sequence\frames\frame_00608.png,0.0,-0.25,1.5,0.004295584054502768,-0.0029124473697917227,0.24611883686670277,-0.1668709423430431,0.020160317888105576,-0.17852856601120534,0.23562198172342608,0.011167640269680574,-0.009663462744828879,0.0004899833984816905,False
609,0.609,c:\Users\User\Desktop\Github\activeVision\data\renders\airplane_demo\motion_sequence\frames\frame_00609.png,0.0,-0.25,1.5,0.004596974841692629,-0.0028228075923128334,0.26338725695680737,-0.16173496141701088,0.021978139439680907,-0.17440875613672382,0.23562198172342608,0.011167640269680574,0.005787135793700394,0.001506154450032367,False
610,0.61,c:\Users\User\Desktop\Github\activeVision\data\renders\airplane_demo\motion_sequence\frames\frame_00610.png,0.0,-0.25,1.5,0.004626568915149252,-0.002891041710983238,0.265082872464472,-0.16564448843561988,0.026461671238379694,-0.17402571455560115,0.23562198172342608,0.011167640269680574,0.002999219502666228,-0.002786414149699273,False
611,0.611,c:\Users\User\Desktop\Github\activeVision\data\renders\airplane_demo\motion_sequence\frames\frame_00611.png,0.0,-0.25,1.5,0.004560041357727046,-0.002826020617963416,0.26127112420286536,-0.16191905422625652,0.027015853762209507,-0.1792508127915687,0.23562198172342608,0.011167640269680574,-0.0013667112827701888,0.006164118295631598,False
612,0.612,c:\Users\User\Desktop\Github\activeVision\data\renders\airplane_demo\motion_sequence\frames\frame_00612.png,0.0,-0.25,1.5,0.0046863999848763644,-0.0029004999835556254,0.2685109402435885,-0.166186407535502,0.033643934872781556,-0.17921949775501061,0.23562198172342608,0.011167640269680574,-0.0007549763526191517,0.0018654499498280436,False
613,0.613,c:\Users\User\Desktop\Github\activeVision\data\renders\airplane_demo\motion_sequence\frames\frame_00613.png,0.0,-0.25,1.5,0.0049081726161267665,-0.0030454166692545337,0.28121757602574765,-0.17448952200707332,0.04029325168376736,-0.1753673460104032,0.23562198172342608,0.011167640269680574,0.0053023426185542,-0.010289816266350654,False
614,0.614,c:\Users\User\Desktop\Github\activeVision\data\renders\airplane_demo\motion_sequence\frames\frame_00614.png,0.0,-0.25,1.5,0.004632856938048064,-0.0029661880724019007,0.26544314963805554,-0.16995005779067396,0.04066501762016934,-0.18385595737405538,0.23562198172342608,0.011167640269680574,-0.010843849705539865,0.0027382593137008342,False
615,0.615,c:\Users\User\Desktop\Github\activeVision\data\renders\airplane_demo\motion_sequence\frames\frame_00615.png,0.0,-0.25,1.5,0.004746150309214,-0.0027322774089532354,0.27193438165267286,-0.15654796399196044,0.03795652141501762,-0.1761785894095709,0.23562198172342608,0.011167640269680574,-0.0016441214857708826,0.008462985147929869,False
616,0.616,c:\Users\User\Desktop\Github\activeVision\data\renders\airplane_demo\motion_sequence\frames\frame_00616.png,0.0,-0.25,1.5,0.004806325861565611,-0.002934538852466934,0.27538218683228866,-0.16813669106351906,0.03928753941236448,-0.1755565594779031,0.23562198172342608,0.011167640269680574,0.0004726656964980838,-0.0037477718552965354,False
617,0.617,c:\Users\User\Desktop\Github\activeVision\data\renders\airplane_demo\motion_sequence\frames\frame_00617.png,0.0,-0.25,1.5,0.004796495747610327,-0.002797525877979776,0.27481896279051826,-0.16028642588687128,0.03879079238985354,-0.17568761976175698,0.23562198172342608,0.011167640269680574,0.0004061886772386582,0.004233553605205132,False
618,0.618,c:\Users\User\Desktop\Github\activeVision\data\renders\airplane_demo\motion_sequence\frames\frame_00618.png,0.0,-0.25,1.5,0.004854627361051627,-0.00275111089855743,0.2781496588969907,-0.1576270434597843,0.03432995920821806,-0.17145556645664367,0.23562198172342608,0.011167640269680574,0.008197717965346562,0.002660882727178799,False
619,0.619,c:\Users\User\Desktop\Github\activeVision\data\renders\airplane_demo\motion_sequence\frames\frame_00619.png,0.0,-0.25,1.5,0.004686501473534871,-0.002773900082242998,0.26851675511538936,-0.15893276750351573,0.034025421442475653,-0.17103206644222937,0.23562198172342608,0.011167640269680574,-0.0011306480505123289,0.0009316586690330724,False
620,0.62,c:\Users\User\Desktop\Github\activeVision\data\renders\airplane_demo\motion_sequence\frames\frame_00620.png,0.0,-0.25,1.5,0.004625731324504824,-0.0028945752253708235,0.2650348820555867,-0.16584694389687726,0.03442950332451614,-0.17594117930249997,0.23562198172342608,0.011167640269680574,-0.005016602992355539,-0.0010734048640579027,False
621,0.621,c:\Users\User\Desktop\Github\activeVision\data\renders\airplane_demo\motion_sequence\frames\frame_00621.png,0.0,-0.25,1.5,0.0047194501887778606,-0.0028656709561433557,0.27040457743919105,-0.1641908512602335,0.03698333340844592,-0.17806009519670898,0.23562198172342608,0.011167640269680574,-0.0022007376926809724,0.002701603666794911,False
622,0.622,c:\Users\User\Desktop\Github\activeVision\data\renders\airplane_demo\motion_sequence\frames\frame_00622.png,0.0,-0.25,1.5,0.004887418184968539,-0.002934886186026217,0.2800284347141864,-0.16815659181054923,0.03352667275350321,-0.18271365566368097,0.23562198172342608,0.011167640269680574,0.010879780237257145,0.003389423583451154,False
623,0.623,c:\Users\User\Desktop\Github\activeVision\data\renders\airplane_demo\motion_sequence\frames\frame_00623.png,0.0,-0.25,1.5,0.004743412571050632,-0.003123825518170557,0.27177752081049994,-0.17898201812644038,0.03838138221899967,-0.18383576590372794,0.23562198172342608,0.011167640269680574,-0.002225843131925772,-0.006313892492393028,False
624,0.624,c:\Users\User\Desktop\Github\activeVision\data\renders\airplane_demo\motion_sequence\frames\frame_00624.png,0.0,-0.25,1.5,0.0048631673777891704,-0.0029774282481245004,0.27863896581302305,-0.17059407242056435,0.04092226375255372,-0.18471911178107348,0.23562198172342608,0.011167640269680574,0.002094720337043239,0.002957399090828549,False
625,0.625,c:\Users\User\Desktop\Github\activeVision\data\renders\airplane_demo\motion_sequence\frames\frame_00625.png,0.0,-0.25,1.5,0.004864816673328736,-0.002980067397237528,0.2787334634866099,-0.17074528452624652,0.04028400942071579,-0.1916475047600678,0.23562198172342608,0.011167640269680574,0.002827472342467991,0.00973457996414071,False
626,0.626,c:\Users\User\Desktop\Github\activeVision\data\renders\airplane_demo\motion_sequence\frames\frame_00626.png,0.0,-0.25,1.5,0.0048332306300805,-0.0029476886134316457,0.2769237165169683,-0.1688901168684029,0.040178477115459243,-0.18750823526202479,0.23562198172342608,0.011167640269680574,0.0011232576780829716,0.007450478123941278,False
627,0.627,c:\Users\User\Desktop\Github\activeVision\data\renders\airplane_demo\motion_sequence\frames\frame_00627.png,0.0,-0.25,1.5,0.004780057566289098,-0.003235313467243619,0.27387712437794104,-0.18536980707489628,0.03677172222188404,-0.19054870064763496,0.23562198172342608,0.011167640269680574,0.001483420432630962,-0.005988746696941892,False
628,0.628,c:\Users\User\Desktop\Github\activeVision\data\renders\airplane_demo\motion_sequence\frames\frame_00628.png,0.0,-0.25,1.5,0.004729195449393077,-0.0031876819314022157,0.27096293974269803,-0.18264072109945775,0.0397600381320386,-0.194875298290393,0.23562198172342608,0.011167640269680574,-0.004419080112766715,0.0010669369212546263,False
629,0.629,c:\Users\User\Desktop\Github\activeVision\data\renders\airplane_demo\motion_sequence\frames\frame_00629.png,0.0,-0.25,1.5,0.004780067750264413,-0.003453029311243548,0.27387770787674526,-0.19784400606922084,0.03370733116643386,-0.19781320823978452,0.23562198172342608,0.011167640269680574,0.004548394986885302,-0.011198438099116921,False
630,0.63,c:\Users\User\Desktop\Github\activeVision\data\renders\airplane_demo\motion_sequence\frames\frame_00630.png,0.0,-0.25,1.5,0.004911663507679703,-0.0032678887357593315,0.2814175893784688,-0.187236232477352,0.03890007318046883,-0.19935296476069236,0.23562198172342608,0.011167640269680574,0.006895534474573848,0.000949092013659808,False
631,0.631,c:\Users\User\Desktop\Github\activeVision\data\renders\airplane_demo\motion_sequence\frames\frame_00631.png,0.0,-0.25,1.5,0.0047888571351883315,-0.0034126605750948507,0.27438130253740173,-0.1955310478636233,0.03125752594459903,-0.20174391201356992,0.23562198172342608,0.011167640269680574,0.007501794869376607,-0.004954776119733935,False
632,0.632,c:\Users\User\Desktop\Github\activeVision\data\renders\airplane_demo\motion_sequence\frames\frame_00632.png,0.0,-0.25,1.5,0.0046986922100462035,-0.0031848133049964277,0.2692152328666448,-0.18247636091340633,0.03465574280839332,-0.2012189030355968,0.23562198172342608,0.011167640269680574,-0.0010624916651746166,0.007574901852509929,False
633,0.633,c:\Users\User\Desktop\Github\activeVision\data\renders\airplane_demo\motion_sequence\frames\frame_00633.png,0.0,-0.25,1.5,0.004694948431377699,-0.003308398349173312,0.26900073014950837,-0.18955726235567963,0.029533062914460492,-0.1992916463987089,0.23562198172342608,0.011167640269680574,0.0038456855116217894,-0.0014332562266512999,False
634,0.634,c:\Users\User\Desktop\Github\activeVision\data\renders\airplane_demo\motion_sequence\frames\frame_00634.png,0.0,-0.25,1.5,0.004748269803294163,-0.0031525152279272264,0.27205581971816917,-0.18062581741095282,0.031085697301375465,-0.19850740882322276,0.23562198172342608,0.011167640269680574,0.005348140693367617,0.006713951142589383,False
635,0.635,c:\Users\User\Desktop\Github\activeVision\data\renders\airplane_demo\motion_sequence\frames\frame_00635.png,0.0,-0.25,1.5,0.004568782632724388,-0.0030915407415498617,0.26177196236777633,-0.1771322366835519,0.02700363542569659,-0.19293202444182037,0.23562198172342608,0.011167640269680574,-0.0008536547813463852,0.004632147488587887,False
636,0.636,c:\Users\User\Desktop\Github\activeVision\data\renders\airplane_demo\motion_sequence\frames\frame_00636.png,0.0,-0.25,1.5,0.004540462401958612,-0.0031140642884500457,0.2601493326700608,-0.1784227408605974,0.02470203271686275,-0.19152749204892425,0.23562198172342608,0.011167640269680574,-0.00017468177022805196,0.0019371109186462438,False
637,0.637,c:\Users\User\Desktop\Github\activeVision\data\renders\airplane_demo\motion_sequence\frames\frame_00637.png,0.0,-0.25,1.5,0.004594681548171572,-0.003121487600389545,0.26325586091686615,-0.1788480653047398,0.02476546227763094,-0.19251207812274723,0.23562198172342608,0.011167640269680574,0.0028684169158091207,0.002496372548326876,False
638,0.638,c:\Users\User\Desktop\Github\activeVision\data\renders\airplane_demo\motion_sequence\frames\frame_00638.png,0.0,-0.25,1.5,0.004792276003291368,-0.0033647119619151793,0.2745771892504176,-0.19278379469492277,0.027420294558054524,-0.19878001425461578,0.23562198172342608,0.011167640269680574,0.01153491296893697,-0.005171420709987584,False
639,0.639,c:\Users\User\Desktop\Github\activeVision\data\renders\airplane_demo\motion_sequence\frames\frame_00639.png,0.0,-0.25,1.5,0.004781642919244844,-0.003420343728813492,0.2739679584113439,-0.19597126014505167,0.03497449814752245,-0.20415023508599703,0.23562198172342608,0.011167640269680574,0.0033714785403953546,-0.002988665328735233,False
640,0.64,c:\Users\User\Desktop\Github\activeVision\data\renders\airplane_demo\motion_sequence\frames\frame_00640.png,0.0,-0.25,1.5,0.004752504100005447,-0.0033839180789372396,0.2722984270489318,-0.1938842241411212,0.032304267430748615,-0.20369110379489228,0.23562198172342608,0.011167640269680574,0.004372177894757134,-0.0013607606159094783,False
641,0.641,c:\Users\User\Desktop\Github\activeVision\data\renders\airplane_demo\motion_sequence\frames\frame_00641.png,0.0,-0.25,1.5,0.004529724816409181,-0.003261531552532524,0.2595341143359178,-0.18687199270886456,0.02621842747769776,-0.20197329339887274,0.23562198172342608,0.011167640269680574,-0.002306294865206127,0.003933660420327586,False
642,0.642,c:\Users\User\Desktop\Github\activeVision\data\renders\airplane_demo\motion_sequence\frames\frame_00642.png,0.0,-0.25,1.5,0.0045069800130689425,-0.003470242037495252,0.258230933098667,-0.1988302226373575,0.022128745813395127,-0.20414040877341824,0.23562198172342608,0.011167640269680574,0.00048020556184582105,-0.005857454133619836,False
643,0.643,c:\Users\User\Desktop\Github\activeVision\data\renders\airplane_demo\motion_sequence\frames\frame_00643.png,0.0,-0.25,1.5,0.004647788183385842,-0.0032297006180778227,0.26629864697878464,-0.18504821450665263,0.027097573093128685,-0.20260321023914113,0.23562198172342608,0.011167640269680574,0.0035790921622298314,0.0063873554628079005,False
644,0.644,c:\Users\User\Desktop\Github\activeVision\data\renders\airplane_demo\motion_sequence\frames\frame_00644.png,0.0,-0.25,1.5,0.004567599297628505,-0.0033379849837580308,0.2617041622610325,-0.1912524516473798,0.02826384241748832,-0.20511287999481426,0.23562198172342608,0.011167640269680574,-0.0021816618798819287,0.0026927880777538734,False
645,0.645,c:\Users\User\Desktop\Github\activeVision\data\renders\airplane_demo\motion_sequence\frames\frame_00645.png,0.0,-0.25,1.5,0.004515715632108478,-0.0033941605629268746,0.25873144720106656,-0.1944710752454576,0.027102525504209145,-0.20490029386896044,0.23562198172342608,0.011167640269680574,-0.003993060026568652,-0.0007384216461777112,False
646,0.646,c:\Users\User\Desktop\Github\activeVision\data\renders\airplane_demo\motion_sequence\frames\frame_00646.png,0.0,-0.25,1.5,0.0046752349917419935,-0.0034706717375622594,0.2678712332586965,-0.19885484263765352,0.026402362070546064,-0.2067289214590724,0.23562198172342608,0.011167640269680574,0.005846889464724358,-0.003293561448261718,False
647,0.647,c:\Users\User\Desktop\Github\activeVision\data\renders\airplane_demo\motion_sequence\frames\frame_00647.png,0.0,-0.25,1.5,0.004530621882480063,-0.003320920675262809,0.2595855124357237,-0.19027473879029436,0.024475800204234312,-0.20570487759879275,0.23562198172342608,0.011167640269680574,-0.0005122694919367212,0.004262498538817822,False
648,0.648,c:\Users\User\Desktop\Github\activeVision\data\renders\airplane_demo\motion_sequence\frames\frame_00648.png,0.0,-0.25,1.5,0.004462255089794087,-0.003429596212808136,0.2556683837559714,-0.19650138842795714,0.01923455460813046,-0.2044917983487748,0.23562198172342608,0.011167640269680574,0.0008118474244148247,-0.003177230348862919,False
649,0.649,c:\Users\User\Desktop\Github\activeVision\data\renders\airplane_demo\motion_sequence\frames\frame_00649.png,0.0,-0.25,1.5,0.004559853207071802,-0.0035048623690216627,0.2612603439644073,-0.20081382151916455,0.02256831194765819,-0.20744196093441092,0.23562198172342608,0.011167640269680574,0.0030700502933230325,-0.004539500854434217,False
650,0.65,c:\Users\User\Desktop\Github\activeVision\data\renders\airplane_demo\motion_sequence\frames\frame_00650.png,0.0,-0.25,1.5,0.004741431426494168,-0.0034039297796027435,0.27166400958880926,-0.1950308101301337,0.03052191795446475,-0.20801054140521763,0.23562198172342608,0.011167640269680574,0.005520109910918438,0.0018120910054033772,False
651,0.651,c:\Users\User\Desktop\Github\activeVision\data\renders\airplane_demo\motion_sequence\frames\frame_00651.png,0.0,-0.25,1.5,0.004634339564469129,-0.0033491292764900376,0.26552809787457715,-0.1918909725865821,0.030411731003317805,-0.20653206732433368,0.23562198172342608,0.011167640269680574,-0.0005056148521667287,0.003473454468070969,False
652,0.652,c:\Users\User\Desktop\Github\activeVision\data\renders\airplane_demo\motion_sequence\frames\frame_00652.png,0.0,-0.25,1.5,0.004797748536883129,-0.0034009643090715707,0.2748907423284691,-0.1948609011844271,0.031605924843129296,-0.20364979260668445,0.23562198172342608,0.011167640269680574,0.007662835761913723,-0.0023787488474231806,False
653,0.653,c:\Users\User\Desktop\Github\activeVision\data\renders\airplane_demo\motion_sequence\frames\frame_00653.png,0.0,-0.25,1.5,0.004642876197675359,-0.003317066225488989,0.2660172109285454,-0.19005389508590934,0.03047440601295815,-0.20174096322459567,0.23562198172342608,0.011167640269680574,-7.917680783882158e-05,0.0005194278690057807,False
654,0.654,c:\Users\User\Desktop\Github\activeVision\data\renders\airplane_demo\motion_sequence\frames\frame_00654.png,0.0,-0.25,1.5,0.004764508513053785,-0.0033361082785882774,0.2729862292521334,-0.19114492436176256,0.03335849029404868,-0.20427407789269272,0.23562198172342608,0.011167640269680574,0.004005757234658614,0.001961513261249576,False
655,0.655,c:\Users\User\Desktop\Github\activeVision\data\renders\airplane_demo\motion_sequence\frames\frame_00655.png,0.0,-0.25,1.5,0.004612859183164061,-0.003269268658890357,0.26429736268346504,-0.18731529624881224,0.031263746850004916,-0.20511612571359675,0.23562198172342608,0.011167640269680574,-0.002588365889965986,0.006633189195103954,False
656,0.656,c:\Users\User\Desktop\Github\activeVision\data\renders\airplane_demo\motion_sequence\frames\frame_00656.png,0.0,-0.25,1.5,0.004707091554147991,-0.003448313938173347,0.2696964798343553,-0.19757383509346868,0.031425186630833414,-0.2084425743157786,0.23562198172342608,0.011167640269680574,0.0026493114800957757,-0.00029890104737065874,False
657,0.657,c:\Users\User\Desktop\Github\activeVision\data\renders\airplane_demo\motion_sequence\frames\frame_00657.png,0.0,-0.25,1.5,0.004648893893128681,-0.0034658357989022647,0.2663619994804158,-0.19857776376245168,0.031223124309187816,-0.20692547878280526,0.23562198172342608,0.011167640269680574,-0.0004831065521981089,-0.002819925249327022,False
658,0.658,c:\Users\User\Desktop\Github\activeVision\data\renders\airplane_demo\motion_sequence\frames\frame_00658.png,0.0,-0.25,1.5,0.004608720186410919,-0.003117337305104181,0.2640602156380917,-0.1786102709011554,0.030541659742282314,-0.20398370013958117,0.23562198172342608,0.011167640269680574,-0.002103425827616701,0.014205788968745196,False
659,0.659,c:\Users\User\Desktop\Github\activeVision\data\renders\airplane_demo\motion_sequence\frames\frame_00659.png,0.0,-0.25,1.5,0.004689980723745644,-0.0034165154297999276,0.2687161014683367,-0.19575191476886034,0.03807549309598571,-0.2071403790432621,0.23562198172342608,0.011167640269680574,-0.0049813733510751055,0.00022082400472120574,False
660,0.66,c:\Users\User\Desktop\Github\activeVision\data\renders\airplane_demo\motion_sequence\frames\frame_00660.png,0.0,-0.25,1.5,0.00490347211368077,-0.003593900661452954,0.2809482570740012,-0.20591533989052918,0.04273693489919488,-0.204818276903492,0.23562198172342608,0.011167640269680574,0.0025893404513801957,-0.012264703256717751,False
661,0.661,c:\Users\User\Desktop\Github\activeVision\data\renders\airplane_demo\motion_sequence\frames\frame_00661.png,0.0,-0.25,1.5,0.004912878700107858,-0.003366344289581618,0.28148721477589833,-0.19287732018099213,0.03797853206319657,-0.2047124443287493,0.23562198172342608,0.011167640269680574,0.007886700989275665,0.0006674838780766047,False
662,0.662,c:\Users\User\Desktop\Github\activeVision\data\renders\airplane_demo\motion_sequence\frames\frame_00662.png,0.0,-0.25,1.5,0.00485720685382414,-0.0032002265696851697,0.2782974529461402,-0.18335947592858926,0.04181130954496302,-0.2043597014015595,0.23562198172342608,0.011167640269680574,0.0008641616777511284,0.00983258520328967,False
663,0.663,c:\Users\User\Desktop\Github\activeVision\data\renders\airplane_demo\motion_sequence\frames\frame_00663.png,0.0,-0.25,1.5,0.005073954719788949,-0.003561822549237579,0.29071619088439105,-0.20407739944584113,0.0466641100116701,-0.20771557078033537,0.23562198172342608,0.011167640269680574,0.008430099149294818,-0.007529468935186371,False
664,0.664,c:\Users\User\Desktop\Github\activeVision\data\renders\airplane_demo\motion_sequence\frames\frame_00664.png,0.0,-0.25,1.5,0.004829214738362137,-0.003391955460236766,0.27669362287052457,-0.19434473216792142,0.05218103688373478,-0.20581222222685533,0.23562198172342608,0.011167640269680574,-0.011109395736636312,0.00029984978925333324,False
665,0.665,c:\Users\User\Desktop\Github\activeVision\data\renders\airplane_demo\motion_sequence\frames\frame_00665.png,0.0,-0.25,1.5,0.005156861495056566,-0.003406353508776701,0.2954663992002651,-0.19516967958248418,0.057410491508816,-0.2051087228698439,0.23562198172342608,0.011167640269680574,0.002433925968023013,-0.0012285969823208323,False
666,0.666,c:\Users\User\Desktop\Github\activeVision\data\renders\airplane_demo\motion_sequence\frames\frame_00666.png,0.0,-0.25,1.5,0.005054568668901256,-0.0034504148547872793,0.28960545198710036,-0.19769420874855592,0.058602132389503084,-0.206991952702989,0.23562198172342608,0.011167640269680574,-0.0046186621258288065,-0.0018698963152474614,False
667,0.667,c:\Users\User\Desktop\Github\activeVision\data\renders\airplane_demo\motion_sequence\frames\frame_00667.png,0.0,-0.25,1.5,0.004970928677067913,-0.0035044794173938482,0.28481323345654114,-0.20079188000713313,0.057478339889401556,-0.20643200179121815,0.23562198172342608,0.011167640269680574,-0.008287088156286452,-0.005527518485595528,False
668,0.668,c:\Users\User\Desktop\Github\activeVision\data\renders\airplane_demo\motion_sequence\frames\frame_00668.png,0.0,-0.25,1.5,0.005135635567519526,-0.003514570467387282,0.2942502431361421,-0.2013700545826124,0.05667437657358642,-0.20484458280725554,0.23562198172342608,0.011167640269680574,0.0019538848391296815,-0.007693112045037407,False
669,0.669,c:\Users\User\Desktop\Github\activeVision\data\renders\airplane_demo\motion_sequence\frames\frame_00669.png,0.0,-0.25,1.5,0.005167186763586305,-0.0033651192168626504,0.29605799350935835,-0.19280712868459868,0.06024222812657433,-0.20622834294525313,0.23562198172342608,0.011167640269680574,0.00019378365935799336,0.0022535739909738746,False
670,0.67,c:\Users\User\Desktop\Github\activeVision\data\renders\airplane_demo\motion_sequence\frames\frame_00670.png,0.0,-0.25,1.5,0.005143238884717417,-0.0032947527750513284,0.29468588112188054,-0.18877542854945703,0.05956420714583903,-0.2042482219360602,0.23562198172342608,0.011167640269680574,-0.0005003077473845262,0.004305153116922582,False
671,0.671,c:\Users\User\Desktop\Github\activeVision\data\renders\airplane_demo\motion_sequence\frames\frame_00671.png,0.0,-0.25,1.5,0.005330383660137282,-0.003483295168487596,0.30540848691136246,-0.19957811195265024,0.061002884755531894,-0.20509909458324949,0.23562198172342608,0.011167640269680574,0.008783620432404467,-0.005646657639081345,False
672,0.672,c:\Users\User\Desktop\Github\activeVision\data\renders\airplane_demo\motion_sequence\frames\frame_00672.png,0.0,-0.25,1.5,0.005091207994283825,-0.003238350944719008,0.2917047306957281,-0.18554384171460211,0.0617887685303587,-0.20472048025423964,0.23562198172342608,0.011167640269680574,-0.005706019558056666,0.008008998269956945,False
673,0.673,c:\Users\User\Desktop\Github\activeVision\data\renders\airplane_demo\motion_sequence\frames\frame_00673.png,0.0,-0.25,1.5,0.005183907279685321,-0.0034135232418509793,0.2970160085131125,-0.1955804750278757,0.0644035932663796,-0.197763968837679,0.23562198172342608,0.011167640269680574,-0.003009566476693148,-0.008984146459877248,False
674,0.674,c:\Users\User\Desktop\Github\activeVision\data\renders\airplane_demo\motion_sequence\frames\frame_00674.png,0.0,-0.25,1.5,0.005136130674465644,-0.0033459903538662346,0.29427861067456235,-0.19171112556802009,0.06298746731125758,-0.2015707191414746,0.23562198172342608,0.011167640269680574,-0.004330838360121323,-0.0013080466962260638,False
675,0.675,c:\Users\User\Desktop\Github\activeVision\data\renders\airplane_demo\motion_sequence\frames\frame_00675.png,0.0,-0.25,1.5,0.005220090287442159,-0.0031249358083246708,0.29908914214766846,-0.17904563306630603,0.06248672899943906,-0.19381614286947738,0.23562198172342608,0.011167640269680574,0.0009804314248033393,0.0036028695334907853,False
676,0.676,c:\Users\User\Desktop\Github\activeVision\data\renders\airplane_demo\motion_sequence\frames\frame_00676.png,0.0,-0.25,1.5,0.005173523091169453,-0.003069755774041155,0.29642103833748507,-0.17588404998847337,0.06135582491436794,-0.19505734418493717,0.23562198172342608,0.011167640269680574,-0.0005567683003089111,0.008005653926783216,False
677,0.677,c:\Users\User\Desktop\Github\activeVision\data\renders\airplane_demo\motion_sequence\frames\frame_00677.png,0.0,-0.25,1.5,0.005236518368217121,-0.003158562808178569,0.30003040184157376,-0.18097231823562143,0.06361281891556578,-0.19816184794518715,0.23562198172342608,0.011167640269680574,0.0007956012025819399,0.006021889439885149,False
678,0.678,c:\Users\User\Desktop\Github\activeVision\data\renders\airplane_demo\motion_sequence\frames\frame_00678.png,0.0,-0.25,1.5,0.005220368493540141,-0.0033097029639074524,0.2991050821829176,-0.18963201127383644,0.06047638954567722,-0.20095003745530746,0.23562198172342608,0.011167640269680574,0.003006710913814351,0.0001503859117904229,False
679,0.679,c:\Users\User\Desktop\Github\activeVision\data\renders\airplane_demo\motion_sequence\frames\frame_00679.png,0.0,-0.25,1.5,0.005052023295944006,-0.0031747249573123937,0.2894596128593632,-0.1818983411688506,0.05948231290838635,-0.1934845960400282,0.23562198172342608,0.011167640269680574,-0.005644681772449175,0.00041861460149702335,False
680,0.68,c:\Users\User\Desktop\Github\activeVision\data\renders\airplane_demo\motion_sequence\frames\frame_00680.png,0.0,-0.25,1.5,0.0050365614487997415,-0.0032221713839552138,0.28857371427452044,-0.18461682116846126,0.05573649668506489,-0.19823987122634956,0.23562198172342608,0.011167640269680574,-0.002784764133970521,0.002455409788207724,False
681,0.681,c:\Users\User\Desktop\Github\activeVision\data\renders\airplane_demo\motion_sequence\frames\frame_00681.png,0.0,-0.25,1.5,0.004944851669564503,-0.0031247640577221013,0.28331913098426476,-0.17903579248164997,0.052414457450205926,-0.19896061584560437,0.23562198172342608,0.011167640269680574,-0.00471730818936727,0.008757183094273853,False
682,0.682,c:\Users\User\Desktop\Github\activeVision\data\renders\airplane_demo\motion_sequence\frames\frame_00682.png,0.0,-0.25,1.5,0.005036192459813183,-0.0032441310683927866,0.28855257276290386,-0.1858750184061733,0.054665958534060755,-0.19691326350328228,0.23562198172342608,0.011167640269680574,-0.0017353674945829764,-0.00012939517257160266,False
683,0.683,c:\Users\User\Desktop\Github\activeVision\data\renders\airplane_demo\motion_sequence\frames\frame_00683.png,0.0,-0.25,1.5,0.005061280470460595,-0.002981196002993137,0.28999000988937984,-0.1708099488727771,0.05337633199117704,-0.19536475976137493,0.23562198172342608,0.011167640269680574,0.0009916961747767382,0.013387170618917258,False
684,0.684,c:\Users\User\Desktop\Github\activeVision\data\renders\airplane_demo\motion_sequence\frames\frame_00684.png,0.0,-0.25,1.5,0.004953927397248823,-0.0033620635537822572,0.2838391318765863,-0.1926320520864782,0.053369707763018706,-0.19862598274706522,0.23562198172342608,0.011167640269680574,-0.005152557609858489,-0.0051737096090935675,False
685,0.685,c:\Users\User\Desktop\Github\activeVision\data\renders\airplane_demo\motion_sequence\frames\frame_00685.png,0.0,-0.25,1.5,0.005147597332122835,-0.0031246152059051843,0.29493560176344075,-0.17902726390076776,0.058807433319707725,-0.1972850030708632,0.23562198172342608,0.011167640269680574,0.000506186720306909,0.007090098900414874,False
686,0.686,c:\Users\User\Desktop\Github\activeVision\data\renders\airplane_demo\motion_sequence\frames\frame_00686.png,0.0,-0.25,1.5,0.005080445677448497,-0.0033824967296036783,0.29108809536328123,-0.19380278682309438,0.05609512350661419,-0.1966350743867214,0.23562198172342608,0.011167640269680574,-0.00062900986675905,-0.008335352706053591,False
687,0.687,c:\Users\User\Desktop\Github\activeVision\data\renders\airplane_demo\motion_sequence\frames\frame_00687.png,0.0,-0.25,1.5,0.005224632659465747,-0.0032330059911263903,0.29934940089359835,-0.18523759843205184,0.054960402844679054,-0.197469868808843,0.23562198172342608,0.011167640269680574,0.008767016325493206,0.0010646301071105737,False
688,0.6880000000000001,c:\Users\User\Desktop\Github\activeVision\data\renders\airplane_demo\motion_sequence\frames\frame_00688.png,0.0,-0.25,1.5,0.004905738849267023,-0.003162704018519568,0.2810781314563655,-0.1812095921102366,0.05508725812129043,-0.19578451452979026,0.23562198172342608,0.011167640269680574,-0.009631108388351,0.0034072821498730907,False
689,0.6890000000000001,c:\Users\User\Desktop\Github\activeVision\data\renders\airplane_demo\motion_sequence\frames\frame_00689.png,0.0,-0.25,1.5,0.005200649726415868,-0.0030799182183077014,0.2979752800494955,-0.1764663151544834,0.05674824967491518,-0.19459967027324293,0.23562198172342608,0.011167640269680574,0.005605048651154245,0.006965714849078955,False
690,0.6900000000000001,c:\Users\User\Desktop\Github\activeVision\data\renders\airplane_demo\motion_sequence\frames\frame_00690.png,0.0,-0.25,1.5,0.004979528250239408,-0.0032088955584042766,0.28530595270488174,-0.18385617239484062,0.05195886264667378,-0.19686666208364562,0.23562198172342608,0.011167640269680574,-0.0022748916652181174,0.0018428494191244447,False
691,0.6910000000000001,c:\Users\User\Desktop\Github\activeVision\data\renders\airplane_demo\motion_sequence\frames\frame_00691.png,0.0,-0.25,1.5,0.004839040396389507,-0.003312475322666474,0.2772565916064317,-0.18979085573002452,0.046602541522918525,-0.19485965337083366,0.23562198172342608,0.011167640269680574,-0.004967931639912909,-0.006098842628871408,False
692,0.6920000000000001,c:\Users\User\Desktop\Github\activeVision\data\renders\airplane_demo\motion_sequence\frames\frame_00692.png,0.0,-0.25,1.5,0.005036187641593129,-0.0032734525212250285,0.28855229669922994,-0.18755501390265267,0.045123054729716686,-0.1938962588110262,0.23562198172342608,0.011167640269680574,0.007807260246087149,-0.0048263953613070214,False
693,0.6930000000000001,c:\Users\User\Desktop\Github\activeVision\data\renders\airplane_demo\motion_sequence\frames\frame_00693.png,0.0,-0.25,1.5,0.005062925916004364,-0.0032901295699485343,0.2900842869744564,-0.1885105384092436,0.05161460782830744,-0.1985132767385466,0.23562198172342608,0.011167640269680574,0.0028476974227228244,-0.0011649019403775621,False
694,0.6940000000000001,c:\Users\User\Desktop\Github\activeVision\data\renders\airplane_demo\motion_sequence\frames\frame_00694.png,0.0,-0.25,1.5,0.0050131397335432355,-0.0032192488942659678,0.2872317488413655,-0.18444937484359697,0.047318982215767746,-0.1999181159555502,0.23562198172342608,0.011167640269680574,0.0042907849021716574,0.004301100842272691,False
695,0.6950000000000001,c:\Users\User\Desktop\Github\activeVision\data\renders\airplane_demo\motion_sequence\frames\frame_00695.png,0.0,-0.25,1.5,0.005092565564406474,-0.003207977034590581,0.291782513734149,-0.1838035448569336,0.05179593629047188,-0.19845801301114774,0.23562198172342608,0.011167640269680574,0.004364595720251022,0.0034868278845335897,False
696,0.6960000000000001,c:\Users\User\Desktop\Github\activeVision\data\renders\airplane_demo\motion_sequence\frames\frame_00696.png,0.0,-0.25,1.5,0.005176872488476987,-0.00324379900140674,0.29661294466711924,-0.18585599236935718,0.05592908878352928,-0.19702497126093774,0.23562198172342608,0.011167640269680574,0.00506187416016389,1.3386218999777243e-06,False
697,0.6970000000000001,c:\Users\User\Desktop\Github\activeVision\data\renders\airplane_demo\motion_sequence\frames\frame_00697.png,0.0,-0.25,1.5,0.005130160161108895,-0.003188650625682095,0.29393652545769416,-0.1826962231933333,0.0526762149770661,-0.1971298684856533,0.23562198172342608,0.011167640269680574,0.005638328757201932,0.0032660050226394543,False
698,0.6980000000000001,c:\Users\User\Desktop\Github\activeVision\data\renders\airplane_demo\motion_sequence\frames\frame_00698.png,0.0,-0.25,1.5,0.004962454823469682,-0.003162488288646226,0.28432771740915075,-0.18119723169897922,0.05117497861301388,-0.1964360946490458,0.23562198172342608,0.011167640269680574,-0.0024692429272892206,0.004071222680385999,False
699,0.6990000000000001,c:\Users\User\Desktop\Github\activeVision\data\renders\airplane_demo\motion_sequence\frames\frame_00699.png,0.0,-0.25,1.5,0.004988574193036237,-0.0032127366632634822,0.28582424704885684,-0.1840762514919403,0.048041415112709575,-0.19324448222592192,0.23562198172342608,0.011167640269680574,0.002160850212721132,-0.001999409535698945,False
700,0.7000000000000001,c:\Users\User\Desktop\Github\activeVision\data\renders\airplane_demo\motion_sequence\frames\frame_00700.png,0.0,-0.25,1.5,0.004768030735586953,-0.0032005462040563338,0.27318803773778977,-0.18337778962904427,0.046054498546873476,-0.19513437155930272,0.23562198172342608,0.011167640269680574,-0.008488442532509795,0.0005889416605778581,False
701,0.7010000000000001,c:\Users\User\Desktop\Github\activeVision\data\renders\airplane_demo\motion_sequence\frames\frame_00701.png,0.0,-0.25,1.5,0.004821305388006654,-0.0033016969544865204,0.27624045047646506,-0.18917330072327507,0.044123757258052114,-0.19665527401069907,0.23562198172342608,0.011167640269680574,-0.003505288505013152,-0.003685666982256609,False
702,0.7020000000000001,c:\Users\User\Desktop\Github\activeVision\data\renders\airplane_demo\motion_sequence\frames\frame_00702.png,0.0,-0.25,1.5,0.004741683426150367,-0.003274999140142055,0.2716784481055482,-0.18764362863911338,0.0394834348913306,-0.2022657379193592,0.23562198172342608,0.011167640269680574,-0.003426968509208497,0.0034544690105652517,False
703,0.7030000000000001,c:\Users\User\Desktop\Github\activeVision\data\renders\airplane_demo\motion_sequence\frames\frame_00703.png,0.0,-0.25,1.5,0.004908049902093839,-0.0033812894280264537,0.2812105450295739,-0.19373361353811994,0.040091089546220704,-0.20499626650593267,0.23562198172342608,0.011167640269680574,0.005497473759927095,9.501269813215295e-05,False
704,0.704,c:\Users\User\Desktop\Github\activeVision\data\renders\airplane_demo\motion_sequence\frames\frame_00704.png,0.0,-0.25,1.5,0.0048053899951793835,-0.0032830328958680936,0.2753285656381697,-0.18810392893585445,0.04244184798024187,-0.19985754141487108,0.23562198172342608,0.011167640269680574,-0.00273526406549827,0.0005859722093360666,False
705,0.705,c:\Users\User\Desktop\Github\activeVision\data\renders\airplane_demo\motion_sequence\frames\frame_00705.png,0.0,-0.25,1.5,0.004889946998247902,-0.003422896180447342,0.28017332504227055,-0.19611750485108254,0.04296294990145845,-0.19902482274977287,0.23562198172342608,0.011167640269680574,0.0015883934173860192,-0.008260322370990253,False
706,0.706,c:\Users\User\Desktop\Github\activeVision\data\renders\airplane_demo\motion_sequence\frames\frame_00706.png,0.0,-0.25,1.5,0.0047968675386647446,-0.0033037927678572286,0.2748402648487971,-0.18929338198406373,0.040561397315682396,-0.20222440516286114,0.23562198172342608,0.011167640269680574,-0.001343114190311431,0.001763382909116836,False
707,0.707,c:\Users\User\Desktop\Github\activeVision\data\renders\airplane_demo\motion_sequence\frames\frame_00707.png,0.0,-0.25,1.5,0.0048295928841862925,-0.003393591991585429,0.27671528903028914,-0.19443849850724065,0.039078297049168965,-0.2044094421994873,0.23562198172342608,0.011167640269680574,0.0020150102576941124,-0.0011966965774339038,False
708,0.708,c:\Users\User\Desktop\Github\activeVision\data\renders\airplane_demo\motion_sequence\frames\frame_00708.png,0.0,-0.25,1.5,0.00470201478603299,-0.003523725529301826,0.26940560244779915,-0.20189460099149673,0.03408956041601841,-0.20826920892949638,0.23562198172342608,0.011167640269680574,-0.0003059396916453446,-0.004793032331680918,False
709,0.709,c:\Users\User\Desktop\Github\activeVision\data\renders\airplane_demo\motion_sequence\frames\frame_00709.png,0.0,-0.25,1.5,0.004689052531352135,-0.0034450593996025068,0.26866291996161246,-0.197387363769097,0.03729966729874306,-0.20604195244877038,0.23562198172342608,0.011167640269680574,-0.004258729060556671,-0.0025130515900071704,False
710,0.71,c:\Users\User\Desktop\Github\activeVision\data\renders\airplane_demo\motion_sequence\frames\frame_00710.png,0.0,-0.25,1.5,0.004880978817756865,-0.0034306053951512045,0.27965948615022257,-0.19655921031697407,0.03817288694203232,-0.2059788382016374,0.23562198172342608,0.011167640269680574,0.005864617484764161,-0.001748012385017244,False
711,0.711,c:\Users\User\Desktop\Github\activeVision\data\renders\airplane_demo\motion_sequence\frames\frame_00711.png,0.0,-0.25,1.5,0.004865713598059753,-0.0034140546323438077,0.27878485348823806,-0.19561092146038814,0.03775874210381753,-0.20431695348956533,0.23562198172342608,0.011167640269680574,0.005404129660994434,-0.0024616082405033825,False
712,0.712,c:\Users\User\Desktop\Github\activeVision\data\renders\airplane_demo\motion_sequence\frames\frame_00712.png,0.0,-0.25,1.5,0.004799729159575993,-0.00327365981175349,0.275004223649578,-0.18756689077506655,0.03542264969552588,-0.20234336232488245,0.23562198172342608,0.011167640269680574,0.003959592230626016,0.0036088312801353497,False
713,0.713,c:\Users\User\Desktop\Github\activeVision\data\renders\airplane_demo\motion_sequence\frames\frame_00713.png,0.0,-0.25,1.5,0.0047205554119974695,-0.003428451310069726,0.2704679020650945,-0.19643579033309325,0.03754368604663146,-0.20526860097953809,0.23562198172342608,0.011167640269680574,-0.002697765704963084,-0.0023348296232357218,False
714,0.714,c:\Users\User\Desktop\Github\activeVision\data\renders\airplane_demo\motion_sequence\frames\frame_00714.png,0.0,-0.25,1.5,0.004702290537627341,-0.003311886035381703,0.26942140185034946,-0.18975709205568642,0.037913705819182374,-0.20072089409755164,0.23562198172342608,0.011167640269680574,-0.0041142856922590015,-0.00020383822781536447,False
715,0.715,c:\Users\User\Desktop\Github\activeVision\data\renders\airplane_demo\motion_sequence\frames\frame_00715.png,0.0,-0.25,1.5,0.004590428732555097,-0.003317783570394322,0.2630121925309948,-0.1900949959214401,0.03549891245901437,-0.20306029047442178,0.23562198172342608,0.011167640269680574,-0.008108701651445704,0.0017976542833011003,False
716,0.716,c:\Users\User\Desktop\Github\activeVision\data\renders\airplane_demo\motion_sequence\frames\frame_00716.png,0.0,-0.25,1.5,0.0047322077795426305,-0.0032884797679908094,0.27113553354676745,-0.18841601172003353,0.032116176436576084,-0.20358497819612584,0.23562198172342608,0.011167640269680574,0.0033973753867652576,0.00400132620641174,False
717,0.717,c:\Users\User\Desktop\Github\activeVision\data\renders\airplane_demo\motion_sequence\frames\frame_00717.png,0.0,-0.25,1.5,0.00461208550635998,-0.0033228721271385177,0.26425303426788405,-0.19038654874669536,0.03392979258384583,-0.203765605804741,0.23562198172342608,0.011167640269680574,-0.005298740039387844,0.0022114167883650667,False
718,0.718,c:\Users\User\Desktop\Github\activeVision\data\renders\airplane_demo\motion_sequence\frames\frame_00718.png,0.0,-0.25,1.5,0.004857010780243445,-0.003443320380320746,0.2782862187574923,-0.19728772530376024,0.03209977886164998,-0.2047281088620669,0.23562198172342608,0.011167640269680574,0.010564458172416262,-0.0037272567113738773,False
719,0.719,c:\Users\User\Desktop\Github\activeVision\data\renders\airplane_demo\motion_sequence\frames\frame_00719.png,0.0,-0.25,1.5,0.004665135821515316,-0.003430241115123825,0.2672925934281237,-0.19653833860884432,0.033394611575941535,-0.20644121965702808,0.23562198172342608,0.011167640269680574,-0.0017239998712439348,-0.0012647592214967798,False
720,0.72,c:\Users\User\Desktop\Github\activeVision\data\renders\airplane_demo\motion_sequence\frames\frame_00720.png,0.0,-0.25,1.5,0.0044924270349066715,-0.0033355119094946404,0.25739710887062284,-0.19111075492966512,0.03208671438692905,-0.2049157138716411,0.23562198172342608,0.011167640269680574,-0.010311587239732288,0.0026373186722953718,False
721,0.721,c:\Users\User\Desktop\Github\activeVision\data\renders\airplane_demo\motion_sequence\frames\frame_00721.png,0.0,-0.25,1.5,0.004655484770484989,-0.0033975504895300593,0.2667396289362206,-0.19466530373267918,0.033528654024477016,-0.20922171840610448,0.23562198172342608,0.011167640269680574,-0.0024110068116825153,0.003388774403744739,False
722,0.722,c:\Users\User\Desktop\Github\activeVision\data\renders\airplane_demo\motion_sequence\frames\frame_00722.png,0.0,-0.25,1.5,0.004758796530797275,-0.003406777277164969,0.27265895677618174,-0.19519395972262302,0.03277627057866289,-0.20636984667317346,0.23562198172342608,0.011167640269680574,0.004260704474092786,8.246680869877643e-06,False
723,0.723,c:\Users\User\Desktop\Github\activeVision\data\renders\airplane_demo\motion_sequence\frames\frame_00723.png,0.0,-0.25,1.5,0.00471520713449833,-0.0033744919040133202,0.270161468336729,-0.19334414410102854,0.03166275767666847,-0.20387009260375158,0.23562198172342608,0.011167640269680574,0.0028767289366344595,-0.0006416917669575601,False
724,0.724,c:\Users\User\Desktop\Github\activeVision\data\renders\airplane_demo\motion_sequence\frames\frame_00724.png,0.0,-0.25,1.5,0.00472918075911845,-0.0034331084984429894,0.270962098051962,-0.19670262757127865,0.03480256294881853,-0.20028888851936782,0.23562198172342608,0.011167640269680574,0.0005375533797173978,-0.007581379321591382,False
725,0.725,c:\Users\User\Desktop\Github\activeVision\data\renders\airplane_demo\motion_sequence\frames\frame_00725.png,0.0,-0.25,1.5,0.004713247221516789,-0.003253139340941413,0.2700491735946738,-0.18639115440391316,0.03275723901760741,-0.19736814375285158,0.23562198172342608,0.011167640269680574,0.001669952853640295,-0.0001906509207421208,False
726,0.726,c:\Users\User\Desktop\Github\activeVision\data\renders\airplane_demo\motion_sequence\frames\frame_00726.png,0.0,-0.25,1.5,0.004733274250167787,-0.0032056561411964914,0.2711966378125636,-0.18367056746075247,0.037687969534210705,-0.19694991800801287,0.23562198172342608,0.011167640269680574,-0.002113313445073222,0.002111710277579843,False
727,0.727,c:\Users\User\Desktop\Github\activeVision\data\renders\airplane_demo\motion_sequence\frames\frame_00727.png,0.0,-0.25,1.5,0.004824014113742857,-0.00338345768471331,0.276395649029008,-0.19385784549517782,0.03951032051178121,-0.19555683685133068,0.23562198172342608,0.011167640269680574,0.0012633467938006685,-0.009468648913527668,False
728,0.728,c:\Users\User\Desktop\Github\activeVision\data\renders\airplane_demo\motion_sequence\frames\frame_00728.png,0.0,-0.25,1.5,0.004798843264645751,-0.0031823732844564094,0.27495346560898315,-0.18233655803453805,0.03759159822452404,-0.1949227320946147,0.23562198172342608,0.011167640269680574,0.001739885661033009,0.0014185337903960666,False
729,0.729,c:\Users\User\Desktop\Github\activeVision\data\renders\airplane_demo\motion_sequence\frames\frame_00729.png,0.0,-0.25,1.5,0.004743421993864465,-0.003285596231541431,0.27177806069796373,-0.188250797251412,0.042429596975337096,-0.19703946456523133,0.23562198172342608,0.011167640269680574,-0.00627351800079948,-0.0023789729558612595,False
730,0.73,c:\Users\User\Desktop\Github\activeVision\data\renders\airplane_demo\motion_sequence\frames\frame_00730.png,0.0,-0.25,1.5,0.0047823829104957005,-0.003272800207380806,0.27401035678689456,-0.18751763907246075,0.04393068262264011,-0.197508974224662,0.23562198172342608,0.011167640269680574,-0.005542307559171639,-0.001176305117479357,False
731,0.731,c:\Users\User\Desktop\Github\activeVision\data\renders\airplane_demo\motion_sequence\frames\frame_00731.png,0.0,-0.25,1.5,0.004973563861497013,-0.0031673398808310395,0.28496421840256714,-0.1814752074550877,0.04579071833649257,-0.1941630210325729,0.23562198172342608,0.011167640269680574,0.003551518342648515,0.0015201733078046274,False
732,0.732,c:\Users\User\Desktop\Github\activeVision\data\renders\airplane_demo\motion_sequence\frames\frame_00732.png,0.0,-0.25,1.5,0.004888347554424454,-0.003112537163262419,0.2800816836616187,-0.17833524303255827,0.04391959699969007,-0.1932295972721033,0.23562198172342608,0.011167640269680574,0.0005401049385025173,0.0037267139698644422,False
733,0.733,c:\Users\User\Desktop\Github\activeVision\data\renders\airplane_demo\motion_sequence\frames\frame_00733.png,0.0,-0.25,1.5,0.0047672801938552865,-0.0032385992937405384,0.2731450348642169,-0.18555807106538202,0.04392694366560674,-0.19180872736980914,0.23562198172342608,0.011167640269680574,-0.006403890524815977,-0.004916983965253482,False
734,0.734,c:\Users\User\Desktop\Github\activeVision\data\renders\airplane_demo\motion_sequence\frames\frame_00734.png,0.0,-0.25,1.5,0.004758853684562463,-0.003177045891198459,0.2726622314457103,-0.18203132088505103,0.038083749513412854,-0.18922924319737444,0.23562198172342608,0.011167640269680574,-0.0010434997911286865,-0.003969717957357179,False
735,0.735,c:\Users\User\Desktop\Github\activeVision\data\renders\airplane_demo\motion_sequence\frames\frame_00735.png,0.0,-0.25,1.5,0.004829579788243622,-0.002912203474550236,0.27671453868804535,-0.16685696817506257,0.03915094515726682,-0.184445532151666,0.23562198172342608,0.011167640269680574,0.0019416118073524637,0.006420923706922849,False
736,0.736,c:\Users\User\Desktop\Github\activeVision\data\renders\airplane_demo\motion_sequence\frames\frame_00736.png,0.0,-0.25,1.5,0.004825708654190537,-0.0030932731073663,0.27649273904487426,-0.17723149393340654,0.03912236842790029,-0.1837472553669638,0.23562198172342608,0.011167640269680574,0.0017483888935478822,-0.004651878836123324,False
737,0.737,c:\Users\User\Desktop\Github\activeVision\data\renders\airplane_demo\motion_sequence\frames\frame_00737.png,0.0,-0.25,1.5,0.0049397836875129724,-0.003157015940227682,0.28302875700206404,-0.18088368923057155,0.0359801023314963,-0.18844719327942164,0.23562198172342608,0.011167640269680574,0.0114266729471416,-0.003604136220830494,False
738,0.738,c:\Users\User\Desktop\Github\activeVision\data\renders\airplane_demo\motion_sequence\frames\frame_00738.png,0.0,-0.25,1.5,0.004812057930044474,-0.0031161963590147193,0.27571061016400755,-0.17854489950557728,0.03517128914970767,-0.18952900114991175,0.23562198172342608,0.011167640269680574,0.004917339290873792,-0.00018353862534611565,False
739,0.739,c:\Users\User\Desktop\Github\activeVision\data\renders\airplane_demo\motion_sequence\frames\frame_00739.png,0.0,-0.25,1.5,0.00471219694029448,-0.0033648589181467015,0.2699889969133337,-0.19279221466676214,0.03397075720168839,-0.19492109613661446,0.23562198172342608,0.011167640269680574,0.00039625798821919464,-0.009038758799828277,False
740,0.74,c:\Users\User\Desktop\Github\activeVision\data\renders\airplane_demo\motion_sequence\frames\frame_00740.png,0.0,-0.25,1.5,0.004565479756711963,-0.0031908773893344474,0.26158272151200934,-0.18282380735258624,0.030448590251596,-0.19787963935828934,0.23562198172342608,0.011167640269680574,-0.004487850463012741,0.003888191736022495,False
741,0.741,c:\Users\User\Desktop\Github\activeVision\data\renders\airplane_demo\motion_sequence\frames\frame_00741.png,0.0,-0.25,1.5,0.0046542875090191714,-0.003322804741874427,0.2666710309072556,-0.19038268785546159,0.027594808876711393,-0.1993950652478631,0.23562198172342608,0.011167640269680574,0.0034542403071181516,-0.0021552628772790305,False
742,0.742,c:\Users\User\Desktop\Github\activeVision\data\renders\airplane_demo\motion_sequence\frames\frame_00742.png,0.0,-0.25,1.5,0.00446036122823334,-0.003268631916934899,0.2555598734815585,-0.1872788136221256,0.027610764826085012,-0.19773710604370148,0.23562198172342608,0.011167640269680574,-0.007672873067952578,-0.0007093478481046363,False
743,0.743,c:\Users\User\Desktop\Github\activeVision\data\renders\airplane_demo\motion_sequence\frames\frame_00743.png,0.0,-0.25,1.5,0.004600075191139556,-0.0032224023973249317,0.263564893895132,-0.1846300572595572,0.029867010453443494,-0.1966131431603723,0.23562198172342608,0.011167640269680574,-0.0019240982817376117,0.0008154456311345148,False
744,0.744,c:\Users\User\Desktop\Github\activeVision\data\renders\airplane_demo\motion_sequence\frames\frame_00744.png,0.0,-0.25,1.5,0.0046353002594521665,-0.0032142888429836235,0.2655831416425046,-0.18416518483895017,0.027709543605035074,-0.1921262331027995,0.23562198172342608,0.011167640269680574,0.002251616314043464,-0.003206592005831254,False
745,0.745,c:\Users\User\Desktop\Github\activeVision\data\renders\airplane_demo\motion_sequence\frames\frame_00745.png,0.0,-0.25,1.5,0.004560705510099848,-0.003178187564377981,0.2613091773307805,-0.18209673393982093,0.027039998588086752,-0.19005544061008495,0.23562198172342608,0.011167640269680574,-0.0013528029807322857,-0.0032089335994165526,False
746,0.746,c:\Users\User\Desktop\Github\activeVision\data\renders\airplane_demo\motion_sequence\frames\frame_00746.png,0.0,-0.25,1.5,0.004434235007891711,-0.00299918881624252,0.2540629513213543,-0.1718408611335338,0.02363803448002482,-0.18801421439776675,0.23562198172342608,0.011167640269680574,-0.005197064882096594,0.005005712994552354,False
747,0.747,c:\Users\User\Desktop\Github\activeVision\data\renders\airplane_demo\motion_sequence\frames\frame_00747.png,0.0,-0.25,1.5,0.004248148089151132,-0.0030523332558263566,0.24340095625492525,-0.17488581322627564,0.018001313880702204,-0.18491358619610718,0.23562198172342608,0.011167640269680574,-0.010222339349203049,-0.001139867299849016,False
748,0.748,c:\Users\User\Desktop\Github\activeVision\data\renders\airplane_demo\motion_sequence\frames\frame_00748.png,0.0,-0.25,1.5,0.004427110088990635,-0.0029141682017628304,0.2536547235389497,-0.16696953875223872,0.018861777325536636,-0.18186019317979035,0.23562198172342608,0.011167640269680574,-0.0008290355100130756,0.0037230141578710727,False
749,0.749,c:\Users\User\Desktop\Github\activeVision\data\renders\airplane_demo\motion_sequence\frames\frame_00749.png,0.0,-0.25,1.5,0.00440019745831257,-0.0030401852781270318,0.25211274338550227,-0.17418978537448526,0.016156550899574417,-0.18011383191081556,0.23562198172342608,0.011167640269680574,0.00033421076250177335,-0.00524359373335029,False
750,0.75,c:\Users\User\Desktop\Github\activeVision\data\renders\airplane_demo\motion_sequence\frames\frame_00750.png,0.0,-0.25,1.5,0.004423282672539582,-0.0029670690689107657,0.2534354287298654,-0.1700005351723977,0.01705469740408874,-0.1798797877901009,0.23562198172342608,0.011167640269680574,0.0007587496023506001,-0.0012883876519773822,False
751,0.751,c:\Users\User\Desktop\Github\activeVision\data\renders\airplane_demo\motion_sequence\frames\frame_00751.png,0.0,-0.25,1.5,0.004403224843475478,-0.0029277544944634405,0.2522861997782974,-0.1677479759832131,0.014673381870591449,-0.18096337309022253,0.23562198172342608,0.011167640269680574,0.00199083618427983,0.0020477568373288846,False
752,0.752,c:\Users\User\Desktop\Github\activeVision\data\renders\airplane_demo\motion_sequence\frames\frame_00752.png,0.0,-0.25,1.5,0.004359303389768911,-0.0029013792552144897,0.2497696858508319,-0.1662367860906004,0.0169430304327867,-0.18066221720928902,0.23562198172342608,0.011167640269680574,-0.0027953263053808637,0.003257790849008019,False
753,0.753,c:\Users\User\Desktop\Github\activeVision\data\renders\airplane_demo\motion_sequence\frames\frame_00753.png,0.0,-0.25,1.5,0.004307796335277255,-0.00289466764550315,0.24681854901330963,-0.16585223918040162,0.01506815784493135,-0.17896829778838796,0.23562198172342608,0.011167640269680574,-0.003871590555047759,0.0019484183383057488,False
754,0.754,c:\Users\User\Desktop\Github\activeVision\data\renders\airplane_demo\motion_sequence\frames\frame_00754.png,0.0,-0.25,1.5,0.004339694295491153,-0.003014999867661983,0.24864616750864224,-0.17274676764953337,0.01997181068960774,-0.17640015132887388,0.23562198172342608,0.011167640269680574,-0.006947624904391586,-0.007514256590340062,False
755,0.755,c:\Users\User\Desktop\Github\activeVision\data\renders\airplane_demo\motion_sequence\frames\frame_00755.png,0.0,-0.25,1.5,0.004461761183598551,-0.002781290417314527,0.2556400850154918,-0.15935620251230187,0.020812679118699117,-0.17590879770312232,0.23562198172342608,0.011167640269680574,-0.0007945758266333903,0.005384954921139872,False
756,0.756,c:\Users\User\Desktop\Github\activeVision\data\renders\airplane_demo\motion_sequence\frames\frame_00756.png,0.0,-0.25,1.5,0.004534470391134349,-0.0029386420291702174,0.25980601573903384,-0.16837178577121362,0.020735913847968468,-0.17600588322923552,0.23562198172342608,0.011167640269680574,0.0034481201676392933,-0.003533542811658632,False
757,0.757,c:\Users\User\Desktop\Github\activeVision\data\renders\airplane_demo\motion_sequence\frames\frame_00757.png,0.0,-0.25,1.5,0.00442675402778436,-0.002817838648167931,0.25363432273458175,-0.1614502618888717,0.019024968792847954,-0.17256738304554797,0.23562198172342608,0.011167640269680574,-0.0010126277816922438,-5.0519113004334536e-05,False
758,0.758,c:\Users\User\Desktop\Github\activeVision\data\renders\airplane_demo\motion_sequence\frames\frame_00758.png,0.0,-0.25,1.5,0.004510159944196458,-0.0027444907712756684,0.2584131297314159,-0.15724773810669995,0.020180530517876494,-0.1679538498123277,0.23562198172342608,0.011167640269680574,0.0026106174901133258,-0.0004615285640528036,False
759,0.759,c:\Users\User\Desktop\Github\activeVision\data\renders\airplane_demo\motion_sequence\frames\frame_00759.png,0.0,-0.25,1.5,0.004481779785954258,-0.0027700035033375917,0.2567870664422245,-0.15870950997769626,0.015158330922265614,-0.16461683467209368,0.23562198172342608,0.011167640269680574,0.006006753796532772,-0.005260315575283178,False
760,0.76,c:\Users\User\Desktop\Github\activeVision\data\renders\airplane_demo\motion_sequence\frames\frame_00760.png,0.0,-0.25,1.5,0.004390950608866893,-0.0025528044728253415,0.2515829379384721,-0.1462649222150111,0.015584096032539258,-0.15891300493322336,0.23562198172342608,0.011167640269680574,0.00037686018250670145,0.0014804424485316554,False
761,0.761,c:\Users\User\Desktop\Github\activeVision\data\renders\airplane_demo\motion_sequence\frames\frame_00761.png,0.0,-0.25,1.5,0.004425368666099867,-0.0026246195831794495,0.2535549473569612,-0.15037962494356777,0.012704138934691675,-0.15953067463445642,0.23562198172342608,0.011167640269680574,0.005228826698843454,-0.002016590578791914,False
762,0.762,c:\Users\User\Desktop\Github\activeVision\data\renders\airplane_demo\motion_sequence\frames\frame_00762.png,0.0,-0.25,1.5,0.004420053850421305,-0.0025625202422953027,0.2532504308496896,-0.14682159480036194,0.012430057444364564,-0.15714736600176288,0.23562198172342608,0.011167640269680574,0.005198391681898993,-0.0008418690682796303,False
763,0.763,c:\Users\User\Desktop\Github\activeVision\data\renders\airplane_demo\motion_sequence\frames\frame_00763.png,0.0,-0.25,1.5,0.004465960517345526,-0.0027295544350081874,0.25588068911596035,-0.1563919490771851,0.014676402359003611,-0.16018194395382437,0.23562198172342608,0.011167640269680574,0.005582305033530637,-0.007377645393041316,False
764,0.764,c:\Users\User\Desktop\Github\activeVision\data\renders\airplane_demo\motion_sequence\frames\frame_00764.png,0.0,-0.25,1.5,0.004230963073418166,-0.0024702912554678768,0.2424163273825604,-0.1415372631063828,0.012087792121763486,-0.16239613831233465,0.23562198172342608,0.011167640269680574,-0.005293446462629194,0.009691234936271319,False
765,0.765,c:\Users\User\Desktop\Github\activeVision\data\renders\airplane_demo\motion_sequence\frames\frame_00765.png,0.0,-0.25,1.5,0.0044289651332245356,-0.0024505655360614704,0.2537610097443623,-0.1404070626365364,0.014068727081227788,-0.1610104931371841,0.23562198172342608,0.011167640269680574,0.004070300939708397,0.00943579023096715,False
766,0.766,c:\Users\User\Desktop\Github\activeVision\data\renders\airplane_demo\motion_sequence\frames\frame_00766.png,0.0,-0.25,1.5,0.004469463178765349,-0.002580534168226036,0.25608137683237947,-0.14785371672865424,0.017005463893244848,-0.15981719651465917,0.23562198172342608,0.011167640269680574,0.0034539312157085365,0.0007958395163243551,False
767,0.767,c:\Users\User\Desktop\Github\activeVision\data\renders\airplane_demo\motion_sequence\frames\frame_00767.png,0.0,-0.25,1.5,0.004475772850350722,-0.0023652267501078493,0.256442894384335,-0.1355175103726236,0.016383713787568782,-0.15720625271534974,0.23562198172342608,0.011167640269680574,0.0044371988733401336,0.010521102073045544,False
768,0.768,c:\Users\User\Desktop\Github\activeVision\data\renders\airplane_demo\motion_sequence\frames\frame_00768.png,0.0,-0.25,1.5,0.004541159775998675,-0.0026459883834085663,0.2601892892592984,-0.15160396700995435,0.019264310570921907,-0.1586532615304893,0.23562198172342608,0.011167640269680574,0.005302996964950384,-0.004118345749145603,False
769,0.769,c:\Users\User\Desktop\Github\activeVision\data\renders\airplane_demo\motion_sequence\frames\frame_00769.png,0.0,-0.25,1.5,0.004583259079166587,-0.0023000798689436354,0.26260140165126145,-0.1317848690334738,0.02486932097146275,-0.1592385046767382,0.23562198172342608,0.011167640269680574,0.0021100989563726507,0.01628599537358382,False
770,0.77,c:\Users\User\Desktop\Github\activeVision\data\renders\airplane_demo\motion_sequence\frames\frame_00770.png,0.0,-0.25,1.5,0.004599226388998694,-0.0024662541846092517,0.26351626111481896,-0.1413059559845883,0.024606926205997054,-0.16095549084230326,0.23562198172342608,0.011167640269680574,0.0032873531853958534,0.00848189458803437,False
771,0.771,c:\Users\User\Desktop\Github\activeVision\data\renders\airplane_demo\motion_sequence\frames\frame_00771.png,0.0,-0.25,1.5,0.004454897613447837,-0.0025017589026824047,0.25524683141346394,-0.14334022648298184,0.021555195842966383,-0.16201310616564563,0.23562198172342608,0.011167640269680574,-0.001930346152928542,0.007505239412983181,False
772,0.772,c:\Users\User\Desktop\Github\activeVision\data\renders\airplane_demo\motion_sequence\frames\frame_00772.png,0.0,-0.25,1.5,0.00443924822502474,-0.002563046837082231,0.25435018750485955,-0.14685176645916653,0.024212169441809785,-0.15776382727401037,0.23562198172342608,0.011167640269680574,-0.005483963660376292,-0.00025557945483675927,False
773,0.773,c:\Users\User\Desktop\Github\activeVision\data\renders\airplane_demo\motion_sequence\frames\frame_00773.png,0.0,-0.25,1.5,0.00430500316143486,-0.002482883764907238,0.2466585119406941,-0.14225876075073685,0.02196944863800841,-0.15711868948434451,0.23562198172342608,0.011167640269680574,-0.01093291842074038,0.003692288463927095,False
774,0.774,c:\Users\User\Desktop\Github\activeVision\data\renders\airplane_demo\motion_sequence\frames\frame_00774.png,0.0,-0.25,1.5,0.004505177551360934,-0.00268769602111569,0.2581276596500642,-0.15399363862403323,0.028394932676624504,-0.16079669465584645,0.23562198172342608,0.011167640269680574,-0.005889254749986413,-0.004364584237867367,False
775,0.775,c:\Users\User\Desktop\Github\activeVision\data\renders\airplane_demo\motion_sequence\frames\frame_00775.png,0.0,-0.25,1.5,0.004623875800833214,-0.0024263791308717603,0.2649285683804168,-0.1390212836975727,0.028737475022846796,-0.1553229604910541,0.23562198172342608,0.011167640269680574,0.0005691116341439103,0.005134036523800815,False
776,0.776,c:\Users\User\Desktop\Github\activeVision\data\renders\airplane_demo\motion_sequence\frames\frame_00776.png,0.0,-0.25,1.5,0.0045191945603712865,-0.0026028193111613,0.25893077510775425,-0.14913056136469066,0.020440741248845627,-0.1563795840748246,0.23562198172342608,0.011167640269680574,0.002868052135482543,-0.003918617559546639,False
777,0.777,c:\Users\User\Desktop\Github\activeVision\data\renders\airplane_demo\motion_sequence\frames\frame_00777.png,0.0,-0.25,1.5,0.004455497317400747,-0.002614729123890051,0.25528119191892296,-0.14981294336883927,0.01778538193467354,-0.15914839705396705,0.23562198172342608,0.011167640269680574,0.0018738282608233708,-0.0018321865845528247,False
778,0.778,c:\Users\User\Desktop\Github\activeVision\data\renders\airplane_demo\motion_sequence\frames\frame_00778.png,0.0,-0.25,1.5,0.004411260688905766,-0.0027728755721705047,0.2527466198062724,-0.15887406740029322,0.020595607195587003,-0.1595713057508452,0.23562198172342608,0.011167640269680574,-0.003470969112740723,-0.010470401919128623,False
779,0.779,c:\Users\User\Desktop\Github\activeVision\data\renders\airplane_demo\motion_sequence\frames\frame_00779.png,0.0,-0.25,1.5,0.00471267471885541,-0.002584469313039711,0.2700163716084168,-0.14807918391825062,0.021088360148993394,-0.15748774696760626,0.23562198172342608,0.011167640269680574,0.01330602973599733,-0.0017590772203249473,False
780,0.78,c:\Users\User\Desktop\Github\activeVision\data\renders\airplane_demo\motion_sequence\frames\frame_00780.png,0.0,-0.25,1.5,0.0043444706546500985,-0.0024653102269685794,0.24891983272988846,-0.14125187119573868,0.017219026656260943,-0.15212464161726716,0.23562198172342608,0.011167640269680574,-0.003921175649798552,-0.00029486984815210146,False
781,0.781,c:\Users\User\Desktop\Github\activeVision\data\renders\airplane_demo\motion_sequence\frames\frame_00781.png,0.0,-0.25,1.5,0.004454458558360292,-0.0023460158437534403,0.2552216754099738,-0.1344168065178949,0.01574942744940592,-0.1505012245885076,0.23562198172342608,0.011167640269680574,0.003850266237141821,0.004916777800932127,False
782,0.782,c:\Users\User\Desktop\Github\activeVision\data\renders\airplane_demo\motion_sequence\frames\frame_00782.png,0.0,-0.25,1.5,0.004582074004689008,-0.0024322868396139284,0.26253350188528757,-0.13935977047509146,0.02169850980884459,-0.15173837470268203,0.23562198172342608,0.011167640269680574,0.005213010353016877,0.0012109639579100013,False
783,0.783,c:\Users\User\Desktop\Github\activeVision\data\renders\airplane_demo\motion_sequence\frames\frame_00783.png,0.0,-0.25,1.5,0.0047617070157740925,-0.002497411437652558,0.27282571528168964,-0.14309113508519092,0.026567672978558537,-0.1504100228528468,0.23562198172342608,0.011167640269680574,0.010636060579704974,-0.003848752502024689,False
784,0.784,c:\Users\User\Desktop\Github\activeVision\data\renders\airplane_demo\motion_sequence\frames\frame_00784.png,0.0,-0.25,1.5,0.004709932227974045,-0.0023852233778132383,0.2698592384555615,-0.13666323274463676,0.03015192894283423,-0.15261334191438755,0.23562198172342608,0.011167640269680574,0.004085327789301162,0.004782468900070241,False
785,0.785,c:\Users\User\Desktop\Github\activeVision\data\renders\airplane_demo\motion_sequence\frames\frame_00785.png,0.0,-0.25,1.5,0.004733251227246674,-0.002475082915523416,0.2711953186963517,-0.1418118050044266,0.03451051356712637,-0.15460778573827116,0.23562198172342608,0.011167640269680574,0.001062823405799289,0.0016283404641639647,False
786,0.786,c:\Users\User\Desktop\Github\activeVision\data\renders\airplane_demo\motion_sequence\frames\frame_00786.png,0.0,-0.25,1.5,0.004599047002701761,-0.002435110053909424,0.2635059830371022,-0.13952152873888438,0.0342742464091316,-0.1471227461767526,0.23562198172342608,0.011167640269680574,-0.006390245095455464,-0.0035664228318123647,False
787,0.787,c:\Users\User\Desktop\Github\activeVision\data\renders\airplane_demo\motion_sequence\frames\frame_00787.png,0.0,-0.25,1.5,0.004813274983723626,-0.0022971321762602914,0.2757803422032638,-0.13161597868341662,0.03569665775642218,-0.14739491978613128,0.23562198172342608,0.011167640269680574,0.004461702723415519,0.004611300833034084,False
788,0.788,c:\Users\User\Desktop\Github\activeVision\data\renders\airplane_demo\motion_sequence\frames\frame_00788.png,0.0,-0.25,1.5,0.004917220718180841,-0.0022360397444102964,0.28173599408604977,-0.1281156401782213,0.03828724062030932,-0.14493435448050548,0.23562198172342608,0.011167640269680574,0.007826771742314416,0.005651074032603607,False
789,0.789,c:\Users\User\Desktop\Github\activeVision\data\renders\airplane_demo\motion_sequence\frames\frame_00789.png,0.0,-0.25,1.5,0.004870836150374896,-0.0022693797997016376,0.2790783541162307,-0.13002588463514794,0.0361996157027775,-0.143590147304399,0.23562198172342608,0.011167640269680574,0.007256756690027109,0.002396622399570483,False
790,0.79,c:\Users\User\Desktop\Github\activeVision\data\renders\airplane_demo\motion_sequence\frames\frame_00790.png,0.0,-0.25,1.5,0.004790329665076809,-0.002501852641830651,0.27446567228521834,-0.1433455973405515,0.03879844106806409,-0.1494319869621744,0.23562198172342608,0.011167640269680574,4.524949372815487e-05,-0.005081250648057657,False
791,0.791,c:\Users\User\Desktop\Github\activeVision\data\renders\airplane_demo\motion_sequence\frames\frame_00791.png,0.0,-0.25,1.5,0.00483871562344481,-0.0024843970849456223,0.27723798348740053,-0.14234546760198882,0.03879415716322447,-0.15021325365509944,0.23562198172342608,0.011167640269680574,0.0028218446007499797,-0.00329985421656999,False
792,0.792,c:\Users\User\Desktop\Github\activeVision\data\renders\airplane_demo\motion_sequence\frames\frame_00792.png,0.0,-0.25,1.5,0.004891303998488869,-0.00233487806746411,0.28025107542887623,-0.13377865894335542,0.03762577979301697,-0.1473034108178567,0.23562198172342608,0.011167640269680574,0.007003313912433142,0.00235711160482069,False
793,0.793,c:\Users\User\Desktop\Github\activeVision\data\renders\airplane_demo\motion_sequence\frames\frame_00793.png,0.0,-0.25,1.5,0.004661614666751162,-0.0025550609103334333,0.26709084612112527,-0.1463942065609598,0.035129361093801735,-0.1516592145318223,0.23562198172342608,0.011167640269680574,-0.003660496696102547,-0.005902632298818075,False
794,0.794,c:\Users\User\Desktop\Github\activeVision\data\renders\airplane_demo\motion_sequence\frames\frame_00794.png,0.0,-0.25,1.5,0.004673037683564138,-0.0025883593693284508,0.26774533677381585,-0.14830206772566373,0.031315527146386565,-0.15321475576923238,0.23562198172342608,0.011167640269680574,0.0008078279040031568,-0.006254952226111949,False
795,0.795,c:\Users\User\Desktop\Github\activeVision\data\renders\airplane_demo\motion_sequence\frames\frame_00795.png,0.0,-0.25,1.5,0.004744848433534061,-0.002488099646000652,0.27185978967076163,-0.14255760872383152,0.02972827131124732,-0.15508303383111083,0.23562198172342608,0.011167640269680574,0.006509536636088233,0.001357784837598742,False
796,0.796,c:\Users\User\Desktop\Github\activeVision\data\renders\airplane_demo\motion_sequence\frames\frame_00796.png,0.0,-0.25,1.5,0.004853234602097421,-0.002368115023594856,0.2780698596870357,-0.13568299625350863,0.03616826914407562,-0.15270792452811877,0.23562198172342608,0.011167640269680574,0.006279608819533955,0.005857288004929539,False
797,0.797,c:\Users\User\Desktop\Github\activeVision\data\renders\airplane_demo\motion_sequence\frames\frame_00797.png,0.0,-0.25,1.5,0.004683715134781949,-0.0024878871258372953,0.26835710966455323,-0.14254543221540977,0.031307863084784004,-0.1551198631517455,0.23562198172342608,0.011167640269680574,0.001427264856343145,0.0014067906666551681,False
798,0.798,c:\Users\User\Desktop\Github\activeVision\data\renders\airplane_demo\motion_sequence\frames\frame_00798.png,0.0,-0.25,1.5,0.004499518190738139,-0.002594632793968072,0.2578034021716355,-0.1486615084806074,0.02667768068733597,-0.1539873001778272,0.23562198172342608,0.011167640269680574,-0.004496260239126564,-0.005841848572460823,False
799,0.799,c:\Users\User\Desktop\Github\activeVision\data\renders\airplane_demo\motion_sequence\frames\frame_00799.png,0.0,-0.25,1.5,0.004696215528697943,-0.0024830256466509895,0.2690733294781907,-0.14226688997584375,0.028388686866730836,-0.15531541248996616,0.23562198172342608,0.011167640269680574,0.005062660888033764,0.001880882244441835,False
800,0.8,c:\Users\User\Desktop\Github\activeVision\data\renders\airplane_demo\motion_sequence\frames\frame_00800.png,0.0,-0.25,1.5,0.0044883116593981585,-0.0026401477217389163,0.25716131522287355,-0.15126932174671956,0.0240862666783538,-0.15798771315699855,0.23562198172342608,0.011167640269680574,-0.0025469331789063246,-0.004449248859401587,False
801,0.801,c:\Users\User\Desktop\Github\activeVision\data\renders\airplane_demo\motion_sequence\frames\frame_00801.png,0.0,-0.25,1.5,0.004508143540002746,-0.002371152377448285,0.25829759828132376,-0.13585702381019787,0.028776874231086588,-0.15605291002987975,0.23562198172342608,0.011167640269680574,-0.006101257673188957,0.009028245950001276,False
802,0.802,c:\Users\User\Desktop\Github\activeVision\data\renders\airplane_demo\motion_sequence\frames\frame_00802.png,0.0,-0.25,1.5,0.00444298593426172,-0.0025629830637995793,0.2545643424691856,-0.14684811251922492,0.02614617288177415,-0.16209939619177893,0.23562198172342608,0.011167640269680574,-0.0072038121360146114,0.0040836434028734695,False
803,0.803,c:\Users\User\Desktop\Github\activeVision\data\renders\airplane_demo\motion_sequence\frames\frame_00803.png,0.0,-0.25,1.5,0.004434680100200651,-0.0026177232657714575,0.2540884532321503,-0.14998449506190722,0.02306624440111914,-0.16056249552727617,0.23562198172342608,0.011167640269680574,-0.004599772892394949,-0.0005896398043116239,False
804,0.804,c:\Users\User\Desktop\Github\activeVision\data\renders\airplane_demo\motion_sequence\frames\frame_00804.png,0.0,-0.25,1.5,0.004587736010064604,-0.0026869173991141116,0.2628579108968896,-0.15394902686950676,0.028793298438567764,-0.16136639547953557,0.23562198172342608,0.011167640269680574,-0.0015573692651043045,-0.0037502716596517546,False
805,0.805,c:\Users\User\Desktop\Github\activeVision\data\renders\airplane_demo\motion_sequence\frames\frame_00805.png,0.0,-0.25,1.5,0.004494664094412815,-0.0023916021978587455,0.25752528293884447,-0.13702871221151777,0.02641191524551595,-0.15822976076879489,0.23562198172342608,0.011167640269680574,-0.004508614030097539,0.010033408287596524,False
806,0.806,c:\Users\User\Desktop\Github\activeVision\data\renders\airplane_demo\motion_sequence\frames\frame_00806.png,0.0,-0.25,1.5,0.004570462288274699,-0.0026005826574210964,0.26186819954184487,-0.14900241054514485,0.03135535987032699,-0.1591565887556025,0.23562198172342608,0.011167640269680574,-0.005109142051908206,-0.0010134620592229114,False
807,0.807,c:\Users\User\Desktop\Github\activeVision\data\renders\airplane_demo\motion_sequence\frames\frame_00807.png,0.0,-0.25,1.5,0.004636973654913812,-0.0025097455163728215,0.2656790201399133,-0.14379782574004413,0.030630033000616494,-0.154001136633506,0.23562198172342608,0.011167640269680574,-0.0005729945841292969,-0.000964329376218675,False
808,0.808,c:\Users\User\Desktop\Github\activeVision\data\renders\airplane_demo\motion_sequence\frames\frame_00808.png,0.0,-0.25,1.5,0.004688364669592904,-0.002545530372916065,0.2686235083859201,-0.1458481469904531,0.03309605372079503,-0.1547028420764161,0.23562198172342608,0.011167640269680574,-9.452705830103114e-05,-0.0023129451837175653,False
809,0.809,c:\Users\User\Desktop\Github\activeVision\data\renders\airplane_demo\motion_sequence\frames\frame_00809.png,0.0,-0.25,1.5,0.00479318141467383,-0.002447608370842791,0.27462906550135574,-0.14023762955018318,0.03474694047623755,-0.1530496968520799,0.23562198172342608,0.011167640269680574,0.004260143301692083,0.0016444270322161357,False
810,0.81,c:\Users\User\Desktop\Github\activeVision\data\renders\airplane_demo\motion_sequence\frames\frame_00810.png,0.0,-0.25,1.5,0.004645867920303008,-0.0024565445612295712,0.26618862400858345,-0.14074963554427108,0.034396354633902636,-0.1501150063539274,0.23562198172342608,0.011167640269680574,-0.0038297123487453016,-0.001802269460024255,False
811,0.811,c:\Users\User\Desktop\Github\activeVision\data\renders\airplane_demo\motion_sequence\frames\frame_00811.png,0.0,-0.25,1.5,0.004738914420323003,-0.0021631520580780443,0.2715197957581931,-0.12393948337290987,0.03471760509560343,-0.14512892034258976,0.23562198172342608,0.011167640269680574,0.0011802089391635933,0.010021796699999289,False
812,0.812,c:\Users\User\Desktop\Github\activeVision\data\renders\airplane_demo\motion_sequence\frames\frame_00812.png,0.0,-0.25,1.5,0.004714344491129678,-0.0022069813421088623,0.27011204251248033,-0.12645071636695587,0.0340046984383029,-0.14219341618046705,0.23562198172342608,0.011167640269680574,0.0004853623507513348,0.004575059543830591,False
813,0.8130000000000001,c:\Users\User\Desktop\Github\activeVision\data\renders\airplane_demo\motion_sequence\frames\frame_00813.png,0.0,-0.25,1.5,0.004799229101261316,-0.0024653713645892564,0.27497557241863657,-0.14125537412337294,0.031855470052039314,-0.1441680559981132,0.23562198172342608,0.011167640269680574,0.007498120643171181,-0.008254958394940335,False
814,0.8140000000000001,c:\Users\User\Desktop\Github\activeVision\data\renders\airplane_demo\motion_sequence\frames\frame_00814.png,0.0,-0.25,1.5,0.0048023464714051795,-0.0022550634561682944,0.27515418457106006,-0.12920561857262797,0.030073631425225286,-0.1411941158905194,0.23562198172342608,0.011167640269680574,0.009458571422408715,0.0008208570482108624,False
815,0.8150000000000001,c:\Users\User\Desktop\Github\activeVision\data\renders\airplane_demo\motion_sequence\frames\frame_00815.png,0.0,-0.25,1.5,0.004685411492622806,-0.002294155253367539,0.26845430380937824,-0.13144541356572603,0.03608827110221793,-0.14403767801243045,0.23562198172342608,0.011167640269680574,-0.0032559490162657775,0.0014246241770238621,False
816,0.8160000000000001,c:\Users\User\Desktop\Github\activeVision\data\renders\airplane_demo\motion_sequence\frames\frame_00816.png,0.0,-0.25,1.5,0.004456133500033691,-0.0023571662055741007,0.2553176424987902,-0.13505567519026254,0.033868889350792464,-0.14594349909830687,0.23562198172342608,0.011167640269680574,-0.014173228575428373,-0.0002798163616362408,False
817,0.8170000000000001,c:\Users\User\Desktop\Github\activeVision\data\renders\airplane_demo\motion_sequence\frames\frame_00817.png,0.0,-0.25,1.5,0.004869948317446064,-0.002426089409381819,0.27902748503649594,-0.1390046838789648,0.04095803818509947,-0.14682198349454223,0.23562198172342608,0.011167640269680574,0.002447465127970392,-0.003350340654103163,False
818,0.8180000000000001,c:\Users\User\Desktop\Github\activeVision\data\renders\airplane_demo\motion_sequence\frames\frame_00818.png,0.0,-0.25,1.5,0.0048943427555717305,-0.0025080220326711322,0.28042518338468964,-0.14369907739787774,0.03941468694028198,-0.15060792764424583,0.23562198172342608,0.011167640269680574,0.005388514720981589,-0.004258790023312526,False
819,0.8190000000000001,c:\Users\User\Desktop\Github\activeVision\data\renders\airplane_demo\motion_sequence\frames\frame_00819.png,0.0,-0.25,1.5,0.0048379861348988445,-0.0023809053654936427,0.2771961868725136,-0.13641582886283843,0.0400214739700826,-0.15171647584782547,0.23562198172342608,0.011167640269680574,0.0015527311790048957,0.004133006715306447,False
820,0.8200000000000001,c:\Users\User\Desktop\Github\activeVision\data\renders\airplane_demo\motion_sequence\frames\frame_00820.png,0.0,-0.25,1.5,0.004720151449136575,-0.002441734057053793,0.2704447566980852,-0.13990105616253812,0.03635396581006123,-0.1506698473611524,0.23562198172342608,0.011167640269680574,-0.0015311908354021238,-0.0003988490710662723,False
821,0.8210000000000001,c:\Users\User\Desktop\Github\activeVision\data\renders\airplane_demo\motion_sequence\frames\frame_00821.png,0.0,-0.25,1.5,0.004702118670271643,-0.002388024844906982,0.2694115545762319,-0.13682374498555305,0.03636881905469397,-0.15005910894124766,0.23562198172342608,0.011167640269680574,-0.002579246201888175,0.002067723686014028,False
822,0.8220000000000001,c:\Users\User\Desktop\Github\activeVision\data\renders\airplane_demo\motion_sequence\frames\frame_00822.png,0.0,-0.25,1.5,0.004639379889518625,-0.0024170290780684356,0.26581688722728736,-0.13848556513371774,0.03409274989384639,-0.1503187271113833,0.23562198172342608,0.011167640269680574,-0.0038978443899850995,0.0006655217079850011,False
823,0.8230000000000001,c:\Users\User\Desktop\Github\activeVision\data\renders\airplane_demo\motion_sequence\frames\frame_00823.png,0.0,-0.25,1.5,0.004761883670966324,-0.002575517748651862,0.27283583687863355,-0.14756629705878727,0.038015830745561495,-0.15269786090394488,0.23562198172342608,0.011167640269680574,-0.0008019755903540394,-0.00603607642452294,False
824,0.8240000000000001,c:\Users\User\Desktop\Github\activeVision\data\renders\airplane_demo\motion_sequence\frames\frame_00824.png,0.0,-0.25,1.5,0.004773593096352975,-0.002474762648491937,0.273506737533812,-0.14179345505520566,0.03621027285658051,-0.15714836564003373,0.23562198172342608,0.011167640269680574,0.0016744829538053445,0.0041872703151474636,False
825,0.8250000000000001,c:\Users\User\Desktop\Github\activeVision\data\renders\airplane_demo\motion_sequence\frames\frame_00825.png,0.0,-0.25,1.5,0.004809588816743531,-0.0026203783819877457,0.2755691403927239,-0.1501366220152173,0.04142079109441814,-0.15763124872152784,0.23562198172342608,0.011167640269680574,-0.001473632425120334,-0.0036730135633700313,False
826,0.8260000000000001,c:\Users\User\Desktop\Github\activeVision\data\renders\airplane_demo\motion_sequence\frames\frame_00826.png,0.0,-0.25,1.5,0.004894610734102236,-0.0026545935521251536,0.28044053742348773,-0.1520970068594128,0.043356059029225735,-0.15838514509098178,0.23562198172342608,0.011167640269680574,0.001462496670835915,-0.0048795020381115954,False
827,0.8270000000000001,c:\Users\User\Desktop\Github\activeVision\data\renders\airplane_demo\motion_sequence\frames\frame_00827.png,0.0,-0.25,1.5,0.0048906342740570145,-0.0026334971592397944,0.2802127030454941,-0.1508882725841319,0.04005308235130773,-0.16149317439690483,0.23562198172342608,0.011167640269680574,0.004537638970760283,-0.0005627384569076439,False
828,0.8280000000000001,c:\Users\User\Desktop\Github\activeVision\data\renders\airplane_demo\motion_sequence\frames\frame_00828.png,0.0,-0.25,1.5,0.00481120416413305,-0.0027665661648536336,0.2756616929805908,-0.15851256498980756,0.04432108747199076,-0.15985636947129778,0.23562198172342608,0.011167640269680574,-0.0042813762148260475,-0.009823835788190344,False
829,0.8290000000000001,c:\Users\User\Desktop\Github\activeVision\data\renders\airplane_demo\motion_sequence\frames\frame_00829.png,0.0,-0.25,1.5,0.005095345053734813,-0.0025324366693381404,0.29194176674186445,-0.14509793303724267,0.04757589098002449,-0.1559429351215635,0.23562198172342608,0.011167640269680574,0.008743894038413864,-0.0003226381853597154,False
830,0.8300000000000001,c:\Users\User\Desktop\Github\activeVision\data\renders\airplane_demo\motion_sequence\frames\frame_00830.png,0.0,-0.25,1.5,0.004901840238822517,-0.0024983904442958766,0.28085475753192973,-0.14314722803396834,0.04750414457868646,-0.15252153320705458,0.23562198172342608,0.011167640269680574,-0.0022713687701828127,-0.0017933350965943012,False
831,0.8310000000000001,c:\Users\User\Desktop\Github\activeVision\data\renders\airplane_demo\motion_sequence\frames\frame_00831.png,0.0,-0.25,1.5,0.004957866280841703,-0.002414980374155207,0.2840648132824517,-0.13836818304601778,0.042348604189441495,-0.15275586699764002,0.23562198172342608,0.011167640269680574,0.006094227369584105,0.0032200436819416643,False
832,0.8320000000000001,c:\Users\User\Desktop\Github\activeVision\data\renders\airplane_demo\motion_sequence\frames\frame_00832.png,0.0,-0.25,1.5,0.004949127284909074,-0.0023501090226616503,0.28356410569833007,-0.1346513283941273,0.0401114972246375,-0.15033706961242502,0.23562198172342608,0.011167640269680574,0.007830626750266478,0.004518100948617159,False
833,0.833,c:\Users\User\Desktop\Github\activeVision\data\renders\airplane_demo\motion_sequence\frames\frame_00833.png,0.0,-0.25,1.5,0.004723328465197101,-0.002353187470737725,0.27062678630979864,-0.13482771047633654,0.03980054670135619,-0.1472058681752908,0.23562198172342608,0.011167640269680574,-0.00479574211498361,0.0012105174292736773,False
834,0.834,c:\Users\User\Desktop\Github\activeVision\data\renders\airplane_demo\motion_sequence\frames\frame_00834.png,0.0,-0.25,1.5,0.004876734218529131,-0.0023145052001066766,0.27941628852874895,-0.13261137962719463,0.041471108973486805,-0.14406929635128343,0.23562198172342608,0.011167640269680574,0.0023231978318360123,0.00029027645440825366,False
835,0.835,c:\Users\User\Desktop\Github\activeVision\data\renders\airplane_demo\motion_sequence\frames\frame_00835.png,0.0,-0.25,1.5,0.004744488859801027,-0.002433865204964442,0.271839187613435,-0.13945020414820558,0.04364654749692434,-0.1442867521896748,0.23562198172342608,0.011167640269680574,-0.007429341606915428,-0.0063310922282113725,False
836,0.836,c:\Users\User\Desktop\Github\activeVision\data\renders\airplane_demo\motion_sequence\frames\frame_00836.png,0.0,-0.25,1.5,0.004741490209519351,-0.002197582205059447,0.2716673776080592,-0.12591218548295932,0.04281915509410375,-0.1409626980174489,0.23562198172342608,0.011167640269680574,-0.006773759209470594,0.0038828722648090227,False
837,0.837,c:\Users\User\Desktop\Github\activeVision\data\renders\airplane_demo\motion_sequence\frames\frame_00837.png,0.0,-0.25,1.5,0.004932208087299264,-0.0020887375012084153,0.2825947070825401,-0.11967584332994388,0.039445897593587236,-0.13711344937458694,0.23562198172342608,0.011167640269680574,0.00752682776552681,0.006269965774962473,False
838,0.838,c:\Users\User\Desktop\Github\activeVision\data\renders\airplane_demo\motion_sequence\frames\frame_00838.png,0.0,-0.25,1.5,0.004849365825489531,-0.002159467902737339,0.2778481951155246,-0.12372839682081686,0.04273174626255083,-0.1349665750260589,0.23562198172342608,0.011167640269680574,-0.000505532870452324,7.053793556147076e-05,False
839,0.839,c:\Users\User\Desktop\Github\activeVision\data\renders\airplane_demo\motion_sequence\frames\frame_00839.png,0.0,-0.25,1.5,0.004992463536732566,-0.002291034191739244,0.28604709002773226,-0.1312665899068245,0.043325274344078527,-0.13657945306056893,0.23562198172342608,0.011167640269680574,0.007099833960227702,-0.005854777115936133,False
840,0.84,c:\Users\User\Desktop\Github\activeVision\data\renders\airplane_demo\motion_sequence\frames\frame_00840.png,0.0,-0.25,1.5,0.0050464636473723234,-0.0020921892004551897,0.28914106846062987,-0.11987361112893255,0.046564935830843,-0.1304712094525373,0.23562198172342608,0.011167640269680574,0.006954150906360787,-0.0005700419460758349,False
841,0.841,c:\Users\User\Desktop\Github\activeVision\data\renders\airplane_demo\motion_sequence\frames\frame_00841.png,0.0,-0.25,1.5,0.004941899362333792,-0.0022257871775258186,0.28314997624011906,-0.12752821136656511,0.050963305480710465,-0.13215589709650633,0.23562198172342608,0.011167640269680574,-0.0034353109640174995,-0.0065399545397394005,False
842,0.842,c:\Users\User\Desktop\Github\activeVision\data\renders\airplane_demo\motion_sequence\frames\frame_00842.png,0.0,-0.25,1.5,0.00509757716951102,-0.002182645965157233,0.2920696575552257,-0.12505640197476758,0.05627272134318082,-0.13465538456415316,0.23562198172342608,0.011167640269680574,0.00017495448861874391,-0.001568657680295025,False
843,0.843,c:\Users\User\Desktop\Github\activeVision\data\renders\airplane_demo\motion_sequence\frames\frame_00843.png,0.0,-0.25,1.5,0.005225939431835181,-0.0022633201654304012,0.29942427343515127,-0.12967869316601327,0.059845969030319225,-0.13725052707593957,0.23562198172342608,0.011167640269680574,0.003956322681405947,-0.003595806359754301,False
844,0.844,c:\Users\User\Desktop\Github\activeVision\data\renders\airplane_demo\motion_sequence\frames\frame_00844.png,0.0,-0.25,1.5,0.005394407034914481,-0.0022073367110724278,0.3090767560762803,-0.12647107750873812,0.06294986836642595,-0.1340247376463887,0.23562198172342608,0.011167640269680574,0.010504905986428238,-0.0036139801320300338,False
845,0.845,c:\Users\User\Desktop\Github\activeVision\data\renders\airplane_demo\motion_sequence\frames\frame_00845.png,0.0,-0.25,1.5,0.0051626194587878005,-0.0022109873872627026,0.2957963062206542,-0.12668024584680976,0.060803084933462204,-0.13676460203250415,0.23562198172342608,0.011167640269680574,-0.0006287604362340963,-0.001083284083986194,False
846,0.846,c:\Users\User\Desktop\Github\activeVision\data\renders\airplane_demo\motion_sequence\frames\frame_00846.png,0.0,-0.25,1.5,0.005066545459492622,-0.0020541402838906166,0.29029167154009766,-0.1176935687947371,0.05735783945107144,-0.1328629423441613,0.23562198172342608,0.011167640269680574,-0.002688149634399881,0.004001733279743624,False
847,0.847,c:\Users\User\Desktop\Github\activeVision\data\renders\airplane_demo\motion_sequence\frames\frame_00847.png,0.0,-0.25,1.5,0.005117497184640128,-0.001961857608407346,0.29321099034996034,-0.11240616096737031,0.059239732323493416,-0.13348396840890808,0.23562198172342608,0.011167640269680574,-0.001650723696959188,0.009910167171857208,False
848,0.848,c:\Users\User\Desktop\Github\activeVision\data\renders\airplane_demo\motion_sequence\frames\frame_00848.png,0.0,-0.25,1.5,0.005182094379005515,-0.002140413479232582,0.29691213695548324,-0.12263665877293942,0.06238491751575716,-0.1357301056556199,0.23562198172342608,0.011167640269680574,-0.0010947622837000279,0.0019258066129999084,False
849,0.849,c:\Users\User\Desktop\Github\activeVision\data\renders\airplane_demo\motion_sequence\frames\frame_00849.png,0.0,-0.25,1.5,0.005242000415092809,-0.0021217580902778694,0.3003444999906436,-0.12156778372065942,0.06605567233862393,-0.13820603904643525,0.23562198172342608,0.011167640269680574,-0.0013331540714063902,0.005470615056095232,False
850,0.85,c:\Users\User\Desktop\Github\activeVision\data\renders\airplane_demo\motion_sequence\frames\frame_00850.png,0.0,-0.25,1.5,0.005181624505814388,-0.002220156689115778,0.29688521520472533,-0.12720560814407247,0.06738415865535591,-0.1398596955255102,0.23562198172342608,0.011167640269680574,-0.006120925174056716,0.0014864471117571481,False
851,0.851,c:\Users\User\Desktop\Github\activeVision\data\renders\airplane_demo\motion_sequence\frames\frame_00851.png,0.0,-0.25,1.5,0.005175574040371416,-0.0023110040086528625,0.2965385490707533,-0.1324107761336238,0.06412232760322786,-0.1413433574238329,0.23562198172342608,0.011167640269680574,-0.003205760255900659,-0.0022350589794714764,False
852,0.852,c:\Users\User\Desktop\Github\activeVision\data\renders\airplane_demo\motion_sequence\frames\frame_00852.png,0.0,-0.25,1.5,0.0053196246505422115,-0.0021667732543822478,0.30479204106982416,-0.1241469626379291,0.06594383792867677,-0.13798645278789043,0.23562198172342608,0.011167640269680574,0.0032262214177212908,0.002671849880280754,False
853,0.853,c:\Users\User\Desktop\Github\activeVision\data\renders\airplane_demo\motion_sequence\frames\frame_00853.png,0.0,-0.25,1.5,0.005247423908375685,-0.0022410144104926893,0.30065524326596993,-0.1284006675492293,0.06462784768620199,-0.13743015690422072,0.23562198172342608,0.011167640269680574,0.00040541385634189293,-0.0021381509146891375,False
854,0.854,c:\Users\User\Desktop\Github\activeVision\data\renders\airplane_demo\motion_sequence\frames\frame_00854.png,0.0,-0.25,1.5,0.0055040484083214575,-0.0022368429414841608,0.31535874403251796,-0.12816165998067097,0.06834048117695408,-0.14300403476950274,0.23562198172342608,0.011167640269680574,0.011396281132137769,0.003674734519151189,False
855,0.855,c:\Users\User\Desktop\Github\activeVision\data\renders\airplane_demo\motion_sequence\frames\frame_00855.png,0.0,-0.25,1.5,0.0054196492339166746,-0.002328290699242988,0.3105230275447353,-0.1334012305461865,0.0724888769496271,-0.14537011548054987,0.23562198172342608,0.011167640269680574,0.0024121688716821376,0.0008012446646827763,False
856,0.856,c:\Users\User\Desktop\Github\activeVision\data\renders\airplane_demo\motion_sequence\frames\frame_00856.png,0.0,-0.25,1.5,0.005271011560871762,-0.0023058139474269115,0.3020067162026164,-0.1321134075299623,0.07412178720864715,-0.14073013704995557,0.23562198172342608,0.011167640269680574,-0.007737052729456823,-0.002550910749687308,False
857,0.857,c:\Users\User\Desktop\Github\activeVision\data\renders\airplane_demo\motion_sequence\frames\frame_00857.png,0.0,-0.25,1.5,0.005179618205402263,-0.002201279601636861,0.29677026265867523,-0.12612403070203126,0.06750224756864413,-0.13908911186953102,0.23562198172342608,0.011167640269680574,-0.006353966633394978,0.001797440897819173,False
858,0.858,c:\Users\User\Desktop\Github\activeVision\data\renders\airplane_demo\motion_sequence\frames\frame_00858.png,0.0,-0.25,1.5,0.005427644934813675,-0.0022455461285127783,0.3109811474603824,-0.12866031586572377,0.06418596051446424,-0.13606433271192267,0.23562198172342608,0.011167640269680574,0.011173205222492044,-0.0037636234234816883,False
859,0.859,c:\Users\User\Desktop\Github\activeVision\data\renders\airplane_demo\motion_sequence\frames\frame_00859.png,0.0,-0.25,1.5,0.005444776296452297,-0.002296097688089573,0.31196270217958777,-0.13155670687727825,0.06704950610316711,-0.13741730494208715,0.23562198172342608,0.011167640269680574,0.00929121435299459,-0.005307042204871699,False
860,0.86,c:\Users\User\Desktop\Github\activeVision\data\renders\airplane_demo\motion_sequence\frames\frame_00860.png,0.0,-0.25,1.5,0.0053317806032782385,-0.002289552505336601,0.305488525857559,-0.13118169552939113,0.07200144963536242,-0.1384835161191848,0.23562198172342608,0.011167640269680574,-0.0021349055012295066,-0.0038658196798868924,False
861,0.861,c:\Users\User\Desktop\Github\activeVision\data\renders\airplane_demo\motion_sequence\frames\frame_00861.png,0.0,-0.25,1.5,0.005444199470028367,-0.002313192786791539,0.31192965245998494,-0.13253618388326047,0.0693004838102728,-0.13973555210509922,0.23562198172342608,0.011167640269680574,0.0070071869262860855,-0.003968272047841837,False
862,0.862,c:\Users\User\Desktop\Github\activeVision\data\renders\airplane_demo\motion_sequence\frames\frame_00862.png,0.0,-0.25,1.5,0.005234113766549904,-0.00237851154804296,0.29989262831463215,-0.13627867322598955,0.06938594799255168,-0.1405436756243889,0.23562198172342608,0.011167640269680574,-0.005115301401345627,-0.006902637871281209,False
863,0.863,c:\Users\User\Desktop\Github\activeVision\data\renders\airplane_demo\motion_sequence\frames\frame_00863.png,0.0,-0.25,1.5,0.005429603134148579,-0.002295069282839191,0.31109334401771777,-0.13149778359680225,0.06797937652141806,-0.14064043986728406,0.23562198172342608,0.011167640269680574,0.007491985772873604,-0.002024983999198803,False
864,0.864,c:\Users\User\Desktop\Github\activeVision\data\renders\airplane_demo\motion_sequence\frames\frame_00864.png,0.0,-0.25,1.5,0.005336098426826005,-0.002168008650389249,0.30573591892352825,-0.12421774561515758,0.06409464181069693,-0.14576929015933912,0.23562198172342608,0.011167640269680574,0.0060192953894052355,0.010383904274500977,False
865,0.865,c:\Users\User\Desktop\Github\activeVision\data\renders\airplane_demo\motion_sequence\frames\frame_00865.png,0.0,-0.25,1.5,0.00534162686205749,-0.0022478183100153397,0.30605267492960375,-0.12879050227610822,0.06330678319139865,-0.14460107071473255,0.23562198172342608,0.011167640269680574,0.0071239100147790215,0.004642928168943733,False
866,0.866,c:\Users\User\Desktop\Github\activeVision\data\renders\airplane_demo\motion_sequence\frames\frame_00866.png,0.0,-0.25,1.5,0.005186443453663342,-0.002443523923822649,0.297161320578164,-0.14000360797428427,0.06098324539249234,-0.14409375054506904,0.23562198172342608,0.011167640269680574,0.0005560934622456298,-0.007077497698895771,False
867,0.867,c:\Users\User\Desktop\Github\activeVision\data\renders\airplane_demo\motion_sequence\frames\frame_00867.png,0.0,-0.25,1.5,0.005078878395898179,-0.0022530931859915445,0.2909982967451393,-0.12909273040699973,0.06157207802603145,-0.1405157736280787,0.23562198172342608,0.011167640269680574,-0.006195763004318215,0.0002554029513984392,False
868,0.868,c:\Users\User\Desktop\Github\activeVision\data\renders\airplane_demo\motion_sequence\frames\frame_00868.png,0.0,-0.25,1.5,0.00501807007654726,-0.0022801005444485455,0.28751423668704795,-0.1306401380623828,0.05756646015027086,-0.13724044112453912,0.23562198172342608,0.011167640269680574,-0.005674205186648999,-0.004567337207524285,False
869,0.869,c:\Users\User\Desktop\Github\activeVision\data\renders\airplane_demo\motion_sequence\frames\frame_00869.png,0.0,-0.25,1.5,0.005177967132737645,-0.0023469230290883033,0.29667566316332317,-0.1344687844088187,0.05924423278408145,-0.14233646456967294,0.23562198172342608,0.011167640269680574,0.0018094486558156576,-0.0032999601088263605,False
870,0.87,c:\Users\User\Desktop\Github\activeVision\data\renders\airplane_demo\motion_sequence\frames\frame_00870.png,0.0,-0.25,1.5,0.0050235136069638016,-0.002333622569700897,0.28782612800556684,-0.1337067242203352,0.05844776780611761,-0.14206528441441216,0.23562198172342608,0.011167640269680574,-0.006243621523976834,-0.0028090800756035875,False
871,0.871,c:\Users\User\Desktop\Github\activeVision\data\renders\airplane_demo\motion_sequence\frames\frame_00871.png,0.0,-0.25,1.5,0.005291136630562255,-0.0022557739498366767,0.3031597977582883,-0.12924632686119705,0.06085052332254668,-0.14989847590164107,0.23562198172342608,0.011167640269680574,0.006687292712315514,0.009484508770763424,False
872,0.872,c:\Users\User\Desktop\Github\activeVision\data\renders\airplane_demo\motion_sequence\frames\frame_00872.png,0.0,-0.25,1.5,0.00517751255816012,-0.0023871126358557485,0.29664961795855704,-0.13677147925688374,0.053771300936600486,-0.15127590457299384,0.23562198172342608,0.011167640269680574,0.007256335298530461,0.0033367850464294914,False
873,0.873,c:\Users\User\Desktop\Github\activeVision\data\renders\airplane_demo\motion_sequence\frames\frame_00873.png,0.0,-0.25,1.5,0.005141159074752287,-0.0025969121118058175,0.29456671678868934,-0.1487921037728791,0.056844479689287526,-0.1490706133801657,0.23562198172342608,0.011167640269680574,0.0021002553759757307,-0.010889130662393979,False
874,0.874,c:\Users\User\Desktop\Github\activeVision\data\renders\airplane_demo\motion_sequence\frames\frame_00874.png,0.0,-0.25,1.5,0.005148455810825793,-0.00233393903397675,0.29498478896992214,-0.13372485628770822,0.058170176605512255,-0.14846693647626738,0.23562198172342608,0.011167640269680574,0.0011926306409838169,0.0035744399188785986,False
875,0.875,c:\Users\User\Desktop\Github\activeVision\data\renders\airplane_demo\motion_sequence\frames\frame_00875.png,0.0,-0.25,1.5,0.005121249302689303,-0.0023574203075568175,0.2934259708784129,-0.13507023416143812,0.055825307676672674,-0.14739132984274841,0.23562198172342608,0.011167640269680574,0.00197868147831415,0.0011534554116297113,False
876,0.876,c:\Users\User\Desktop\Github\activeVision\data\renders\airplane_demo\motion_sequence\frames\frame_00876.png,0.0,-0.25,1.5,0.005049967913204873,-0.0024419943976921646,0.28934184810312685,-0.13991597258235253,0.05578177616279217,-0.15128482338042257,0.23562198172342608,0.011167640269680574,-0.002061909783091392,0.00020121052838946058,False
877,0.877,c:\Users\User\Desktop\Github\activeVision\data\renders\airplane_demo\motion_sequence\frames\frame_00877.png,0.0,-0.25,1.5,0.005008877511974247,-0.002382764590336587,0.2869875415341128,-0.136522354599505,0.05488690115291564,-0.1523516126479955,0.23562198172342608,0.011167640269680574,-0.003521341342228881,0.0046616177788099235,False
878,0.878,c:\Users\User\Desktop\Github\activeVision\data\renders\airplane_demo\motion_sequence\frames\frame_00878.png,0.0,-0.25,1.5,0.005136073767663497,-0.002257667907340645,0.2942753501549737,-0.12935484263275157,0.05898427226375235,-0.15162525485819828,0.23562198172342608,0.011167640269680574,-0.00033090383220476323,0.01110277195576614,False
879,0.879,c:\Users\User\Desktop\Github\activeVision\data\renders\airplane_demo\motion_sequence\frames\frame_00879.png,0.0,-0.25,1.5,0.005204471657887566,-0.002482584627262448,0.298194260592412,-0.1422416214261969,0.05992134758586625,-0.15221289843578045,0.23562198172342608,0.011167640269680574,0.002650931283119633,-0.0011963632600970183,False
880,0.88,c:\Users\User\Desktop\Github\activeVision\data\renders\airplane_demo\motion_sequence\frames\frame_00880.png,0.0,-0.25,1.5,0.005232007003660457,-0.002357789482593325,0.299771919692632,-0.1350913863329316,0.06377357291402416,-0.14895274157630395,0.23562198172342608,0.011167640269680574,0.00037636505518179233,0.0026937149736917638,False
881,0.881,c:\Users\User\Desktop\Github\activeVision\data\renders\airplane_demo\motion_sequence\frames\frame_00881.png,0.0,-0.25,1.5,0.005233875561243476,-0.0024637100181758636,0.2998789801559162,-0.14116018598557634,0.06472051575808568,-0.14965403199386565,0.23562198172342608,0.011167640269680574,-0.00046351732559557143,-0.0026737942613912647,False
882,0.882,c:\Users\User\Desktop\Github\activeVision\data\renders\airplane_demo\motion_sequence\frames\frame_00882.png,0.0,-0.25,1.5,0.005220683197747562,-0.0024986375152949796,0.29912311340579784,-0.143161384159457,0.05968752759496067,-0.15029862468491617,0.23562198172342608,0.011167640269680574,0.003813604087411103,-0.004030399744221407,False
883,0.883,c:\Users\User\Desktop\Github\activeVision\data\renders\airplane_demo\motion_sequence\frames\frame_00883.png,0.0,-0.25,1.5,0.0050797670241417,-0.0024857740954914694,0.2910492113930492,-0.14242436449461088,0.0569418140159622,-0.15709179250172364,0.23562198172342608,0.011167640269680574,-0.0015145843463391507,0.003499787737432197,False
884,0.884,c:\Users\User\Desktop\Github\activeVision\data\renders\airplane_demo\motion_sequence\frames\frame_00884.png,0.0,-0.25,1.5,0.005200691779929003,-0.0025329951826999096,0.2979776895383118,-0.14512993349567369,0.05415779692380685,-0.15402314804971862,0.23562198172342608,0.011167640269680574,0.008197910891078904,-0.0022744257156356823,False
885,0.885,c:\Users\User\Desktop\Github\activeVision\data\renders\airplane_demo\motion_sequence\frames\frame_00885.png,0.0,-0.25,1.5,0.005096153418464367,-0.0024147502722303487,0.29198808262917514,-0.13835499917686558,0.05754542159656566,-0.15647106408179295,0.23562198172342608,0.011167640269680574,-0.0011793206908165897,0.0069484246352468195,False
886,0.886,c:\Users\User\Desktop\Github\activeVision\data\renders\airplane_demo\motion_sequence\frames\frame_00886.png,0.0,-0.25,1.5,0.005155281083542313,-0.0024390565911555345,0.2953758482906045,-0.1397476486667777,0.05885575467574153,-0.15058978759630165,0.23562198172342608,0.011167640269680574,0.0008981118914368881,-0.0003255013401565768,False
887,0.887,c:\Users\User\Desktop\Github\activeVision\data\renders\airplane_demo\motion_sequence\frames\frame_00887.png,0.0,-0.25,1.5,0.005107734548596746,-0.0025021001348958798,0.2926516325077522,-0.14335977764864785,0.05968076712782759,-0.15273740900121582,0.23562198172342608,0.011167640269680574,-0.002651116343501401,-0.001790008917112606,False
888,0.888,c:\Users\User\Desktop\Github\activeVision\data\renders\airplane_demo\motion_sequence\frames\frame_00888.png,0.0,-0.25,1.5,0.005102032354410844,-0.002245990030334084,0.292324920846936,-0.12868574956660275,0.05815298817304072,-0.14617327825425028,0.23562198172342608,0.011167640269680574,-0.0014500490495308318,0.006319888417966946,False
889,0.889,c:\Users\User\Desktop\Github\activeVision\data\renders\airplane_demo\motion_sequence\frames\frame_00889.png,0.0,-0.25,1.5,0.005263896757745856,-0.0024660985512784126,0.3015990680114355,-0.14129703885157965,0.060875007761859404,-0.14834037934564406,0.23562198172342608,0.011167640269680574,0.0051020785261500015,-0.004124299775616157,False
890,0.89,c:\Users\User\Desktop\Github\activeVision\data\renders\airplane_demo\motion_sequence\frames\frame_00890.png,0.0,-0.25,1.5,0.0051037610235996145,-0.0022512359177853923,0.29242396629562684,-0.12898631677736336,0.06048214772268567,-0.14618006998367808,0.23562198172342608,0.011167640269680574,-0.003680163150484899,0.006026112936634132,False
891,0.891,c:\Users\User\Desktop\Github\activeVision\data\renders\airplane_demo\motion_sequence\frames\frame_00891.png,0.0,-0.25,1.5,0.005357753137098977,-0.0023690948346563336,0.3069766424287481,-0.1357391352920515,0.06214492922344214,-0.1489014645907722,0.23562198172342608,0.011167640269680574,0.00920973148187991,0.001994689029040134,False
892,0.892,c:\Users\User\Desktop\Github\activeVision\data\renders\airplane_demo\motion_sequence\frames\frame_00892.png,0.0,-0.25,1.5,0.005094012128470969,-0.0024534971763140157,0.29186539574983983,-0.1405750332500579,0.05648869768319412,-0.1526110466876902,0.23562198172342608,0.011167640269680574,-0.0002452836567803794,0.0008683731679517144,False
893,0.893,c:\Users\User\Desktop\Github\activeVision\data\renders\airplane_demo\motion_sequence\frames\frame_00893.png,0.0,-0.25,1.5,0.00498504744731293,-0.0023982895362510827,0.2856221794034955,-0.1374118684775745,0.05300059967196413,-0.14797946434434764,0.23562198172342608,0.011167640269680574,-0.0030004019918946968,-0.0006000444029074242,False
894,0.894,c:\Users\User\Desktop\Github\activeVision\data\renders\airplane_demo\motion_sequence\frames\frame_00894.png,0.0,-0.25,1.5,0.005070382341011198,-0.0024408287994165945,0.2905115086576038,-0.13984918872055463,0.06204178257755429,-0.14788176765605754,0.23562198172342608,0.011167640269680574,-0.00715225564337664,-0.0031350613341776475,False
895,0.895,c:\Users\User\Desktop\Github\activeVision\data\renders\airplane_demo\motion_sequence\frames\frame_00895.png,0.0,-0.25,1.5,0.005058887215068247,-0.0023248005649623665,0.28985288645610136,-0.13320126058197296,0.05646394509235256,-0.1450053390829738,0.23562198172342608,0.011167640269680574,-0.002233040359677252,0.0006364382313202766,False
896,0.896,c:\Users\User\Desktop\Github\activeVision\data\renders\airplane_demo\motion_sequence\frames\frame_00896.png,0.0,-0.25,1.5,0.004937489527565849,-0.0020811668677065496,0.2828973113195659,-0.11924207798204663,0.05756003084262703,-0.13881780470854008,0.22889599430775787,0.019860810347157743,-0.003558713830818976,-0.0002850836206643024,True
897,0.897,c:\Users\User\Desktop\Github\activeVision\data\renders\airplane_demo\motion_sequence\frames\frame_00897.png,0.0,-0.25,1.5,0.004976300568070367,-0.0019181833653695193,0.28512102013898605,-0.1099038111678742,0.058339058542164236,-0.13564515487657183,0.22217000689208963,0.02855398042463491,0.004611954704732206,-0.0028126367159372868,True
898,0.898,c:\Users\User\Desktop\Github\activeVision\data\renders\airplane_demo\motion_sequence\frames\frame_00898.png,0.0,-0.25,1.5,0.004677428358510745,-0.0017195302475341626,0.2679969039174702,-0.09852182592879324,0.059229507079258295,-0.13240072696671476,0.2154440194764214,0.03724715050211208,-0.006676622638209432,-0.003368249464190575,True
899,0.899,c:\Users\User\Desktop\Github\activeVision\data\renders\airplane_demo\motion_sequence\frames\frame_00899.png,0.0,-0.25,1.5,0.004608043558874112,-0.0015530985093233152,0.2640214477359303,-0.0889859897522855,0.055417505992917684,-0.13057435874950524,0.20871803206075318,0.04594032057958925,-0.00011409031774052039,-0.004351951582369519,True
900,0.9,c:\Users\User\Desktop\Github\activeVision\data\renders\airplane_demo\motion_sequence\frames\frame_00900.png,0.0,-0.25,1.5,0.004605469210115356,-0.0013611181593486607,0.2638739484170588,-0.07798632594929332,0.05694713325357337,-0.13164297893103244,0.20199204464508494,0.054633490657066415,0.004934770518400517,-0.0009768376753272743,True
901,0.901,c:\Users\User\Desktop\Github\activeVision\data\renders\airplane_demo\motion_sequence\frames\frame_00901.png,0.0,-0.25,1.5,0.004458814380162385,-0.0012980973918473534,0.25547124561554485,-0.07437550194979319,0.05793948747689605,-0.1358091271122553,0.1952660572294167,0.06332666073454359,0.0022657009092321313,-0.0018930355720814947,True
902,0.902,c:\Users\User\Desktop\Github\activeVision\data\renders\airplane_demo\motion_sequence\frames\frame_00902.png,0.0,-0.25,1.5,0.004128338593922887,-0.0011397793798430039,0.23653637783275402,-0.06530454804104245,0.05286417213848536,-0.14124245580470038,0.18854006981374846,0.07201983081202075,-0.004867864119479815,0.0039180769516371705,True
903,0.903,c:\Users\User\Desktop\Github\activeVision\data\renders\airplane_demo\motion_sequence\frames\frame_00903.png,0.0,-0.25,1.5,0.003969789489295659,-0.0009744469062691644,0.22745218329203576,-0.05583169508880324,0.04650775470271894,-0.13771482960466533,0.18181408239808025,0.08071300088949791,-0.0008696538087634206,0.0011701336263641687,True
904,0.904,c:\Users\User\Desktop\Github\activeVision\data\renders\airplane_demo\motion_sequence\frames\frame_00904.png,0.0,-0.25,1.5,0.003904564901031041,-0.0008972417643326943,0.22371508966399464,-0.05140816629913502,0.04876938967975797,-0.1400879575875302,0.175088094982412,0.08940617096697508,-0.00014239499817535406,-0.0007263796785798867,True
905,0.905,c:\Users\User\Desktop\Github\activeVision\data\renders\airplane_demo\motion_sequence\frames\frame_00905.png,0.0,-0.25,1.5,0.0037695208574478464,-0.0006220818350301538,0.21597763591829683,-0.03564266365898134,0.04700228477785266,-0.13752062295835737,0.16836210756674377,0.09809934104445224,0.0006132435737003977,0.0037786182549237888,True
906,0.906,c:\Users\User\Desktop\Github\activeVision\data\renders\airplane_demo\motion_sequence\frames\frame_00906.png,0.0,-0.25,1.5,0.0037539268226905913,-0.0006133922649111589,0.2150841635411258,-0.035144787965379946,0.04958146108320792,-0.13631810930030946,0.16163612015107556,0.10679251112192939,0.0038665823068423236,-0.005619189786999872,True
907,0.907,c:\Users\User\Desktop\Github\activeVision\data\renders\airplane_demo\motion_sequence\frames\frame_00907.png,0.0,-0.25,1.5,0.0034675065535253245,-0.00023067574311251923,0.198673490950955,-0.01321674651639132,0.04565427305229721,-0.1319595099299195,0.15491013273540732,0.11548568119940655,-0.0018909148367495469,0.0032570822141216238,True
908,0.908,c:\Users\User\Desktop\Github\activeVision\data\renders\airplane_demo\motion_sequence\frames\frame_00908.png,0.0,-0.25,1.5,0.003511072615068437,-0.00022245723802398232,0.20116964240738253,-0.012745860860911364,0.04894697990620002,-0.13085662658487948,0.14818414531973909,0.12417885127688373,0.004038517181443413,-0.006068085552915609,True
909,0.909,c:\Users\User\Desktop\Github\activeVision\data\renders\airplane_demo\motion_sequence\frames\frame_00909.png,0.0,-0.25,1.5,0.003201325974156222,-0.00025274065358436143,0.18342246716475838,-0.014480972761761891,0.04500453337909909,-0.134329198228223,0.14145815790407087,0.1328720213543609,-0.0030402241184115963,-0.013023795887899788,True
910,0.91,c:\Users\User\Desktop\Github\activeVision\data\renders\airplane_demo\motion_sequence\frames\frame_00910.png,0.0,-0.25,1.5,0.003202842975917664,6.706682788885278e-05,0.1835093849632029,0.0038426461833615494,0.04379424461029129,-0.13988506647080526,0.13473217048840264,0.14156519143183807,0.004982969864508992,0.0021625212223287263,True
911,0.911,c:\Users\User\Desktop\Github\activeVision\data\renders\airplane_demo\motion_sequence\frames\frame_00911.png,0.0,-0.25,1.5,0.0029897028926608596,0.00020657723557959785,0.17129735774752103,0.011836003742190702,0.045252661145880654,-0.14569618626526867,0.1280061830727344,0.15025836150931526,-0.0019614864710940025,0.007273828498144122,True
912,0.912,c:\Users\User\Desktop\Github\activeVision\data\renders\airplane_demo\motion_sequence\frames\frame_00912.png,0.0,-0.25,1.5,0.0027917692326180185,0.0002628813361483497,0.15995659440348903,0.01506199107406032,0.04311338747888256,-0.14312294895971067,0.12128019565706617,0.15895153158679243,-0.004436988732459724,-0.0007665915530214318,False
913,0.913,c:\Users\User\Desktop\Github\activeVision\data\renders\airplane_demo\motion_sequence\frames\frame_00913.png,0.0,-0.25,1.5,0.0030035586820305145,0.00017744299347633648,0.1720912360002245,0.01016673463036148,0.05105431029212028,-0.1411116355025336,0.12128019565706617,0.15895153158679243,-0.00024326994896195243,-0.00767316145389733,False
914,0.914,c:\Users\User\Desktop\Github\activeVision\data\renders\airplane_demo\motion_sequence\frames\frame_00914.png,0.0,-0.25,1.5,0.0030587867187755833,0.00031325586068731604,0.17525556941651035,0.01794823872512129,0.046697860246549726,-0.1386226389986469,0.12128019565706617,0.15895153158679243,0.0072775135128944676,-0.0023806538630242353,False
915,0.915,c:\Users\User\Desktop\Github\activeVision\data\renders\airplane_demo\motion_sequence\frames\frame_00915.png,0.0,-0.25,1.5,0.002768703117741027,0.00032166989324135205,0.15863500337127348,0.018430327279153235,0.047765498456772255,-0.140708920587695,0.12128019565706617,0.15895153158679243,-0.010410690742564914,0.0001877162800558032,False
916,0.916,c:\Users\User\Desktop\Github\activeVision\data\renders\airplane_demo\motion_sequence\frames\frame_00916.png,0.0,-0.25,1.5,0.002937770052990129,0.00036632017451301564,0.1683218252162586,0.020988599950091582,0.04510492549768202,-0.1410973862657572,0.12128019565706617,0.15895153158679243,0.0019367040615104055,0.0031344546290563787,False
917,0.917,c:\Users\User\Desktop\Github\activeVision\data\renders\airplane_demo\motion_sequence\frames\frame_00917.png,0.0,-0.25,1.5,0.0028852527607600184,6.968285697168551e-05,0.16531280602001808,0.003992533608891344,0.04272390202225619,-0.14911305721491175,0.12128019565706617,0.15895153158679243,0.0013087083406957104,-0.005845940762989349,False
918,0.918,c:\Users\User\Desktop\Github\activeVision\data\renders\airplane_demo\motion_sequence\frames\frame_00918.png,0.0,-0.25,1.5,0.002998092538722767,0.00011914995180860443,0.17177804905847688,0.006826789367820184,0.04383701429267954,-0.15463828847715194,0.12128019565706617,0.15895153158679243,0.00666083910873116,0.002513546258179686,False
919,0.919,c:\Users\User\Desktop\Github\activeVision\data\renders\airplane_demo\motion_sequence\frames\frame_00919.png,0.0,-0.25,1.5,0.0027828985834434336,0.0002089993779630538,0.1594483436442441,0.011974782278142488,0.04128840510717718,-0.1526010150927563,0.12128019565706617,0.15895153158679243,-0.0031202571199992683,0.0056242657841063595,False
920,0.92,c:\Users\User\Desktop\Github\activeVision\data\renders\airplane_demo\motion_sequence\frames\frame_00920.png,0.0,-0.25,1.5,0.0029918766619671266,-1.8295105064694128e-06,0.17142190555440523,-0.00010482323059553904,0.042427899838580814,-0.1584801074542348,0.12128019565706617,0.15895153158679243,0.007713810058758229,-0.0005762473631531772,False
921,0.921,c:\Users\User\Desktop\Github\activeVision\data\renders\airplane_demo\motion_sequence\frames\frame_00921.png,0.0,-0.25,1.5,0.00281558670714946,6.0278890151825305e-06,0.16132123517280095,0.0003453725999432292,0.04836754760593605,-0.15621936124764912,0.12128019565706617,0.15895153158679243,-0.00832650809020127,-0.002386797739200077,False
922,0.922,c:\Users\User\Desktop\Github\activeVision\data\renders\airplane_demo\motion_sequence\frames\frame_00922.png,0.0,-0.25,1.5,0.00298197902916952,4.123719517889994e-05,0.17085481296793212,0.002362717242708192,0.05289285184222409,-0.15210001269920723,0.12128019565706617,0.15895153158679243,-0.0033182345313581487,-0.004488801644877014,False
923,0.923,c:\Users\User\Desktop\Github\activeVision\data\renders\airplane_demo\motion_sequence\frames\frame_00923.png,0.0,-0.25,1.5,0.002940674654678957,0.00016344525709446862,0.16848824663419504,0.009364723412943728,0.05207607750668044,-0.15242062739093765,0.12128019565706617,0.15895153158679243,-0.0048680265295515945,0.002833819217088939,False
924,0.924,c:\Users\User\Desktop\Github\activeVision\data\renders\airplane_demo\motion_sequence\frames\frame_00924.png,0.0,-0.25,1.5,0.0032112054863251407,3.083329670570537e-05,0.18398852151568557,0.0017666177697115424,0.055878537340961605,-0.15117635447790287,0.12128019565706617,0.15895153158679243,0.006829788517657775,-0.006008559339178021,False
925,0.925,c:\Users\User\Desktop\Github\activeVision\data\renders\airplane_demo\motion_sequence\frames\frame_00925.png,0.0,-0.25,1.5,0.002999753624561583,0.00020219633825330717,0.17187322226645,0.0115849968149141,0.05539075874925596,-0.15236805021289254,0.12128019565706617,0.15895153158679243,-0.004797732139872148,0.0050015154410142145,False
926,0.926,c:\Users\User\Desktop\Github\activeVision\data\renders\airplane_demo\motion_sequence\frames\frame_00926.png,0.0,-0.25,1.5,0.0029840868600671416,8.640922667550175e-05,0.17097558278229308,0.0049508839994955,0.057165060736956166,-0.15306343572547257,0.12128019565706617,0.15895153158679243,-0.007469673611729274,-0.0009372118618243657,False
927,0.927,c:\Users\User\Desktop\Github\activeVision\data\renders\airplane_demo\motion_sequence\frames\frame_00927.png,0.0,-0.25,1.5,0.0030926264791977277,0.00015971134201936193,0.17719444486843308,0.009150785838079841,0.054355732923474356,-0.14803273297842737,0.12128019565706617,0.15895153158679243,0.0015585162878925544,-0.0017680127702852234,False
928,0.928,c:\Users\User\Desktop\Github\activeVision\data\renders\airplane_demo\motion_sequence\frames\frame_00928.png,0.0,-0.25,1.5,0.003136694060476761,0.00029424460843645723,0.17971933128907142,0.016858974207888497,0.05765340904149167,-0.146388825220689,0.12128019565706617,0.15895153158679243,0.0007857265905135723,0.004296267841785061,False
929,0.929,c:\Users\User\Desktop\Github\activeVision\data\renders\airplane_demo\motion_sequence\frames\frame_00929.png,0.0,-0.25,1.5,0.003256390155892113,0.0003470221783526041,0.18657741238056627,0.019882906217040336,0.05919369247411012,-0.14452485470315724,0.12128019565706617,0.15895153158679243,0.006103524249390006,0.005456229333405137,False
930,0.93,c:\Users\User\Desktop\Github\activeVision\data\renders\airplane_demo\motion_sequence\frames\frame_00930.png,0.0,-0.25,1.5,0.0030929776266623125,0.00019541548891089956,0.1772145641361405,0.011196482766080085,0.06127780118184768,-0.14536697553686403,0.12128019565706617,0.15895153158679243,-0.0053434327027733425,-0.0023880732838483,False
931,0.931,c:\Users\User\Desktop\Github\activeVision\data\renders\airplane_demo\motion_sequence\frames\frame_00931.png,0.0,-0.25,1.5,0.0033172184157522567,0.00022110603165139325,0.19006261494567755,0.012668442438510829,0.06729042469361934,-0.14570560028297644,0.12128019565706617,0.15895153158679243,0.0014919945949920252,-0.0005774888653051494,False
932,0.932,c:\Users\User\Desktop\Github\activeVision\data\renders\airplane_demo\motion_sequence\frames\frame_00932.png,0.0,-0.25,1.5,0.0032415138628987244,0.0003617470423376801,0.18572506357724508,0.020726578777289378,0.06412007763507757,-0.14421028884790743,0.12128019565706617,0.15895153158679243,0.0003247902851013394,0.005985336038404365,False
933,0.933,c:\Users\User\Desktop\Github\activeVision\data\renders\airplane_demo\motion_sequence\frames\frame_00933.png,0.0,-0.25,1.5,0.003192950655959535,0.00026243126215110327,0.1829425967800091,0.01503620373354952,0.0649494652542608,-0.1401515024977694,0.12128019565706617,0.15895153158679243,-0.003287064131317884,-0.0037638253554735258,False
934,0.934,c:\Users\User\Desktop\Github\activeVision\data\renders\airplane_demo\motion_sequence\frames\frame_00934.png,0.0,-0.25,1.5,0.0033869283744863655,0.00025627113190828104,0.19405670137117312,0.014683254269384906,0.06523845115847207,-0.1432216178173878,0.12128019565706617,0.15895153158679243,0.007538054555634872,-0.0010466595000197376,False
935,0.935,c:\Users\User\Desktop\Github\activeVision\data\renders\airplane_demo\motion_sequence\frames\frame_00935.png,0.0,-0.25,1.5,0.003299925604714128,0.00045994069455560275,0.18907180985727554,0.026352660624351758,0.06490553200738029,-0.13746652942856935,0.12128019565706617,0.15895153158679243,0.0028860821928290868,0.004867658466128664,False
936,0.936,c:\Users\User\Desktop\Github\activeVision\data\renders\airplane_demo\motion_sequence\frames\frame_00936.png,0.0,-0.25,1.5,0.0030543827185432054,0.0005243206184075915,0.17500323879022048,0.030041358546444335,0.06544551125032495,-0.13273277336324268,0.12128019565706617,0.15895153158679243,-0.011722468117170669,0.003822600322894599,False
937,0.937,c:\Users\User\Desktop\Github\activeVision\data\renders\airplane_demo\motion_sequence\frames\frame_00937.png,0.0,-0.25,1.5,0.0032765536774290544,0.0003305868335807384,0.18773269706475415,0.018941230326770028,0.06668157973825478,-0.13725539766709074,0.12128019565706617,0.15895153158679243,-0.00022907833056680157,-0.0027549035929316634,False
938,0.9380000000000001,c:\Users\User\Desktop\Github\activeVision\data\renders\airplane_demo\motion_sequence\frames\frame_00938.png,0.0,-0.25,1.5,0.003227194510739576,0.000399864149696007,0.18490462513316433,0.02291052815616856,0.06048554902586357,-0.137295269601477,0.12128019565706617,0.15895153158679243,0.0031388804502345984,0.0012542661708531417,False
939,0.9390000000000001,c:\Users\User\Desktop\Github\activeVision\data\renders\airplane_demo\motion_sequence\frames\frame_00939.png,0.0,-0.25,1.5,0.0032206623454431502,0.00019139276270750926,0.1845303596305973,0.010965997532489136,0.06043119700145639,-0.1395823017271747,0.12128019565706617,0.15895153158679243,0.002818966972074746,-0.008403232327128595,False
940,0.9400000000000001,c:\Users\User\Desktop\Github\activeVision\data\renders\airplane_demo\motion_sequence\frames\frame_00940.png,0.0,-0.25,1.5,0.0032043402004798007,0.0004968625725854858,0.18359516961159666,0.028468128407160856,0.05891396218548621,-0.13958463979806354,0.12128019565706617,0.15895153158679243,0.0034010117690442794,0.009101236618431978,False
941,0.9410000000000001,c:\Users\User\Desktop\Github\activeVision\data\renders\airplane_demo\motion_sequence\frames\frame_00941.png,0.0,-0.25,1.5,0.0029426590802764585,0.0004312954924294269,0.16860194584568958,0.02471141143922271,0.05796651028025609,-0.14028054634694354,0.12128019565706617,0.15895153158679243,-0.010644760091632703,0.006040426199373821,False
942,0.9420000000000001,c:\Users\User\Desktop\Github\activeVision\data\renders\airplane_demo\motion_sequence\frames\frame_00942.png,0.0,-0.25,1.5,0.003221081731774965,0.0003430189616277298,0.18455438869739577,0.019653538794228854,0.05897975794512383,-0.1381547720970134,0.12128019565706617,0.15895153158679243,0.004294435095205763,-0.0011432206955501677,False
943,0.9430000000000001,c:\Users\User\Desktop\Github\activeVision\data\renders\airplane_demo\motion_sequence\frames\frame_00943.png,0.0,-0.25,1.5,0.0030831249780729005,0.000392589644162259,0.17665004895494169,0.02249372969104024,0.06110791709398147,-0.1399911542490788,0.12128019565706617,0.15895153158679243,-0.005738063796105964,0.0035333523533265985,False
944,0.9440000000000001,c:\Users\User\Desktop\Github\activeVision\data\renders\airplane_demo\motion_sequence\frames\frame_00944.png,0.0,-0.25,1.5,0.0031367281669353406,0.0003287559408756876,0.17972128544520216,0.018836327902029326,0.06191857076757662,-0.13748970031298932,0.12128019565706617,0.15895153158679243,-0.003477480979440627,-0.002625503371773789,False
945,0.9450000000000001,c:\Users\User\Desktop\Github\activeVision\data\renders\airplane_demo\motion_sequence\frames\frame_00945.png,0.0,-0.25,1.5,0.0031576019842921997,0.00020683230764579274,0.18091726708207712,0.011850618295055352,0.06110601853256399,-0.13788732541322726,0.12128019565706617,0.15895153158679243,-0.001468947107553053,-0.009213587878509826,False
946,0.9460000000000001,c:\Users\User\Desktop\Github\activeVision\data\renders\airplane_demo\motion_sequence\frames\frame_00946.png,0.0,-0.25,1.5,0.0033017251061464416,0.0004656659634146604,0.18917491369457484,0.02668069436655344,0.05995678517113324,-0.13841671133225253,0.12128019565706617,0.15895153158679243,0.00793793286637545,0.006145874112013527,False
947,0.9470000000000001,c:\Users\User\Desktop\Github\activeVision\data\renders\airplane_demo\motion_sequence\frames\frame_00947.png,0.0,-0.25,1.5,0.003174390102839814,0.00032115316395571936,0.1818791554208207,0.018400720871935672,0.062260372254991925,-0.13850582735424666,0.12128019565706617,0.15895153158679243,-0.0016614124912374129,-0.0020449833606101084,False
948,0.9480000000000001,c:\Users\User\Desktop\Github\activeVision\data\renders\airplane_demo\motion_sequence\frames\frame_00948.png,0.0,-0.25,1.5,0.0030970400911831905,0.0002611343174682215,0.17744732620760845,0.014961894276958461,0.060079029591598505,-0.13579922674061276,0.12128019565706617,0.15895153158679243,-0.003911899041056214,-0.008190410569221202,False
949,0.9490000000000001,c:\Users\User\Desktop\Github\activeVision\data\renders\airplane_demo\motion_sequence\frames\frame_00949.png,0.0,-0.25,1.5,0.0032756762893914578,0.00044662470445827314,0.1876824264332046,0.025589710591736772,0.06422040128743245,-0.13286570523966648,0.12128019565706617,0.15895153158679243,0.002181829488706009,-0.0004961157553891691,False
950,0.9500000000000001,c:\Users\User\Desktop\Github\activeVision\data\renders\airplane_demo\motion_sequence\frames\frame_00950.png,0.0,-0.25,1.5,0.003223679806896391,0.0003629351103170274,0.1847032474367114,0.020794650058280614,0.06645963425293303,-0.13185243184314482,0.12128019565706617,0.15895153158679243,-0.003036582473287769,-0.006304449685366997,False
951,0.9510000000000001,c:\Users\User\Desktop\Github\activeVision\data\renders\airplane_demo\motion_sequence\frames\frame_00951.png,0.0,-0.25,1.5,0.0032996175661218104,0.0005733511845018129,0.18905416054600857,0.032850603050780455,0.06544534773606264,-0.1283957042396166,0.12128019565706617,0.15895153158679243,0.0023286171528797673,0.002294775703604627,False
952,0.9520000000000001,c:\Users\User\Desktop\Github\activeVision\data\renders\airplane_demo\motion_sequence\frames\frame_00952.png,0.0,-0.25,1.5,0.003174853940566859,0.0005003068159188792,0.1819057313649593,0.028665469013780368,0.06362103768431014,-0.133120229823746,0.12128019565706617,0.15895153158679243,-0.0029955019764169935,0.00283416725073394,False
953,0.9530000000000001,c:\Users\User\Desktop\Github\activeVision\data\renders\airplane_demo\motion_sequence\frames\frame_00953.png,0.0,-0.25,1.5,0.003182013503560169,0.0004397114832235914,0.18231594410763402,0.02519361219214929,0.06512598885155092,-0.13395765057547634,0.12128019565706617,0.15895153158679243,-0.004090240400983073,0.0001997311808332124,False
954,0.9540000000000001,c:\Users\User\Desktop\Github\activeVision\data\renders\airplane_demo\motion_sequence\frames\frame_00954.png,0.0,-0.25,1.5,0.0031939613278810313,0.00040306564088020647,0.1830005040155832,0.02309396008917153,0.0684744834153062,-0.13491752253916123,0.12128019565706617,0.15895153158679243,-0.006754175056789143,-0.0009400489584596811,False
955,0.9550000000000001,c:\Users\User\Desktop\Github\activeVision\data\renders\airplane_demo\motion_sequence\frames\frame_00955.png,0.0,-0.25,1.5,0.0033941623577706426,0.00040152599584857175,0.1944711780824304,0.023005744926910574,0.06992311160301767,-0.13634138135179918,0.12128019565706617,0.15895153158679243,0.0032678708223465394,0.0003955946919173334,False
956,0.9560000000000001,c:\Users\User\Desktop\Github\activeVision\data\renders\airplane_demo\motion_sequence\frames\frame_00956.png,0.0,-0.25,1.5,0.0033008292613518485,0.00039851120390118824,0.1891235855687459,0.022833010072215474,0.07277155481534996,-0.13264284693792308,0.12128019565706617,0.15895153158679243,-0.0049281649036702286,-0.0034756745766538854,False
957,0.9570000000000001,c:\Users\User\Desktop\Github\activeVision\data\renders\airplane_demo\motion_sequence\frames\frame_00957.png,0.0,-0.25,1.5,0.003224397842384894,0.0004385811691319375,0.18474438783974326,0.02512884996517336,0.0728475705050084,-0.1348370512336586,0.12128019565706617,0.15895153158679243,-0.009383378322331307,0.001014369612039547,False
958,0.9580000000000001,c:\Users\User\Desktop\Github\activeVision\data\renders\airplane_demo\motion_sequence\frames\frame_00958.png,0.0,-0.25,1.5,0.0033011453593385165,0.00037491154409149887,0.18914169664929456,0.02148084916717576,0.06844043158842596,-0.13807744096868246,0.12128019565706617,0.15895153158679243,-0.0005789305961975887,0.0006067585490657964,False
959,0.9590000000000001,c:\Users\User\Desktop\Github\activeVision\data\renders\airplane_demo\motion_sequence\frames\frame_00959.png,0.0,-0.25,1.5,0.0033891139170896334,0.0003405274582775766,0.1941819237382864,0.01951078616762237,0.06986144618229527,-0.1394912007006298,0.12128019565706617,0.15895153158679243,0.0030402818989249776,5.0455281459741775e-05,False
960,0.96,c:\Users\User\Desktop\Github\activeVision\data\renders\airplane_demo\motion_sequence\frames\frame_00960.png,0.0,-0.25,1.5,0.0033037150981761287,0.00034398627576475284,0.18928893183914058,0.01970896181174361,0.06878213975830526,-0.13884667272483578,0.12128019565706617,0.15895153158679243,-0.0007734035762308435,-0.00039589705021303635,False
961,0.961,c:\Users\User\Desktop\Github\activeVision\data\renders\airplane_demo\motion_sequence\frames\frame_00961.png,0.0,-0.25,1.5,0.0033288082853572373,0.00044281330607234576,0.19072666555914988,0.02537133355018016,0.06480109082038457,-0.13621304438591222,0.12128019565706617,0.15895153158679243,0.0046453790816991586,0.0026328463492999396,False
962,0.962,c:\Users\User\Desktop\Github\activeVision\data\renders\airplane_demo\motion_sequence\frames\frame_00962.png,0.0,-0.25,1.5,0.003519429696320349,0.0005280686922435445,0.201648467892165,0.030256107358547852,0.06862229999755536,-0.13492641767021973,0.12128019565706617,0.15895153158679243,0.011745972237543492,0.006230993441975159,False
963,0.963,c:\Users\User\Desktop\Github\activeVision\data\renders\airplane_demo\motion_sequence\frames\frame_00963.png,0.0,-0.25,1.5,0.0034515728768041336,0.0003651943010644746,0.19776055852270488,0.02092409215322434,0.06868518000495172,-0.1369073871394768,0.12128019565706617,0.15895153158679243,0.007795182860686997,-0.0011200522940912835,False
964,0.964,c:\Users\User\Desktop\Github\activeVision\data\renders\airplane_demo\motion_sequence\frames\frame_00964.png,0.0,-0.25,1.5,0.003380911696180064,0.00041955159729017977,0.19371197109753413,0.024038535812699647,0.069710240515898,-0.13432499775507722,0.12128019565706617,0.15895153158679243,0.0027215349245699365,-0.0005879980190155622,False
965,0.965,c:\Users\User\Desktop\Github\activeVision\data\renders\airplane_demo\motion_sequence\frames\frame_00965.png,0.0,-0.25,1.5,0.0034029272627664267,0.00045541055023577714,0.19497337014652194,0.026093102474240588,0.07190981704175588,-0.13120998173933968,0.12128019565706617,0.15895153158679243,0.001783357447699885,-0.0016484473732121616,False
966,0.966,c:\Users\User\Desktop\Github\activeVision\data\renders\airplane_demo\motion_sequence\frames\frame_00966.png,0.0,-0.25,1.5,0.0033559298651590717,0.0005510191583968817,0.19228061761552226,0.031571072206991915,0.07275388789207592,-0.1271376541302957,0.12128019565706617,0.15895153158679243,-0.0017534659336198239,-0.00024280524950481128,False
967,0.967,c:\Users\User\Desktop\Github\activeVision\data\renders\airplane_demo\motion_sequence\frames\frame_00967.png,0.0,-0.25,1.5,0.0034683042484141184,0.0003911454943754085,0.19871919550142203,0.02241098600326899,0.06958045116645463,-0.1279049155693397,0.12128019565706617,0.15895153158679243,0.007858548677901233,-0.00863563001418374,False
968,0.968,c:\Users\User\Desktop\Github\activeVision\data\renders\airplane_demo\motion_sequence\frames\frame_00968.png,0.0,-0.25,1.5,0.003407072404523382,0.0005876385518796598,0.19521086927467893,0.033669208901883976,0.07177508427891026,-0.12723024391443538,0.12128019565706617,0.15895153158679243,0.002155589338702474,0.001947921229526936,False
969,0.969,c:\Users\User\Desktop\Github\activeVision\data\renders\airplane_demo\motion_sequence\frames\frame_00969.png,0.0,-0.25,1.5,0.0034420269123012874,0.000348806035247335,0.1972136150453101,0.019985113688363726,0.07374219058833455,-0.13098397870518952,0.12128019565706617,0.15895153158679243,0.002191228799909388,-0.007982439193239184,False
970,0.97,c:\Users\User\Desktop\Github\activeVision\data\renders\airplane_demo\motion_sequence\frames\frame_00970.png,0.0,-0.25,1.5,0.0035998000950785087,0.0006127428424671907,0.206253352538791,0.035107578800219495,0.07822509526048566,-0.1299017829365737,0.12128019565706617,0.15895153158679243,0.0067480616212391865,0.0060578301500007785,False
971,0.971,c:\Users\User\Desktop\Github\activeVision\data\renders\airplane_demo\motion_sequence\frames\frame_00971.png,0.0,-0.25,1.5,0.003700754432188517,0.0004806791372534864,0.21203760997873544,0.02754088586461439,0.07710424372356182,-0.1326825695216808,0.12128019565706617,0.15895153158679243,0.013653170598107441,0.0012719237995027618,False
972,0.972,c:\Users\User\Desktop\Github\activeVision\data\renders\airplane_demo\motion_sequence\frames\frame_00972.png,0.0,-0.25,1.5,0.003334029094792435,0.00045590370388984573,0.19102579590542879,0.026121358097270172,0.07604757478249961,-0.13600228585036242,0.12128019565706617,0.15895153158679243,-0.006301974534137004,0.003172112360840161,False
973,0.973,c:\Users\User\Desktop\Github\activeVision\data\renders\airplane_demo\motion_sequence\frames\frame_00973.png,0.0,-0.25,1.5,0.003653696565989504,0.00042075542651930434,0.20934139285264067,0.024107510146782973,0.07761488511321453,-0.1352440325415538,0.12128019565706617,0.15895153158679243,0.01044631208235997,0.0004000111015443244,False
974,0.974,c:\Users\User\Desktop\Github\activeVision\data\renders\airplane_demo\motion_sequence\frames\frame_00974.png,0.0,-0.25,1.5,0.0035284963149388344,0.0004921215038312306,0.20216794687345893,0.02819648517716069,0.08314811360516842,-0.13337089313505246,0.12128019565706617,0.15895153158679243,-0.0022603623887756472,0.002615846725420727,False
975,0.975,c:\Users\User\Desktop\Github\activeVision\data\renders\airplane_demo\motion_sequence\frames\frame_00975.png,0.0,-0.25,1.5,0.0035817493869706183,0.0006312604087741958,0.20521912314698632,0.03616855719646454,0.08333805949206342,-0.13395083744379885,0.12128019565706617,0.15895153158679243,0.0006008679978567388,0.011167863053470973,False
976,0.976,c:\Users\User\Desktop\Github\activeVision\data\renders\airplane_demo\motion_sequence\frames\frame_00976.png,0.0,-0.25,1.5,0.003683571659011328,0.0003604583527669695,0.21105310959535192,0.020652742303785134,0.08879538946608943,-0.13432835345304267,0.12128019565706617,0.15895153158679243,0.0009775244721963322,-0.003970435829964635,False
977,0.977,c:\Users\User\Desktop\Github\activeVision\data\renders\airplane_demo\motion_sequence\frames\frame_00977.png,0.0,-0.25,1.5,0.003682167040297513,0.00046020935242605465,0.2109726308712252,0.026368053586461625,0.08864510194060414,-0.1327717400273275,0.12128019565706617,0.15895153158679243,0.0010473332735548904,0.0001882620269966829,False
978,0.978,c:\Users\User\Desktop\Github\activeVision\data\renders\airplane_demo\motion_sequence\frames\frame_00978.png,0.0,-0.25,1.5,0.003686340927439516,0.0004654118637312869,0.21121177698862592,0.02666613552712053,0.09054308689686442,-0.1323557644633165,0.12128019565706617,0.15895153158679243,-0.0006115055653046861,7.03684036446066e-05,False
979,0.979,c:\Users\User\Desktop\Github\activeVision\data\renders\airplane_demo\motion_sequence\frames\frame_00979.png,0.0,-0.25,1.5,0.0036186061855241385,0.0006009904507079465,0.2073308621504669,0.03443421635323047,0.08921997877397406,-0.1309860609666097,0.12128019565706617,0.15895153158679243,-0.0031693122805733333,0.006468745733047721,False
980,0.98,c:\Users\User\Desktop\Github\activeVision\data\renders\airplane_demo\motion_sequence\frames\frame_00980.png,0.0,-0.25,1.5,0.003590179935590605,0.0005502575080321053,0.2057021580018914,0.03152743285562563,0.08809074652929577,-0.13022677811704172,0.12128019565706617,0.15895153158679243,-0.0036687841844705426,0.0028026793858749333,False
981,0.981,c:\Users\User\Desktop\Github\activeVision\data\renders\airplane_demo\motion_sequence\frames\frame_00981.png,0.0,-0.25,1.5,0.003673857040741988,0.000522554674993002,0.21049650296893804,0.029940177441929436,0.08883422496484475,-0.1280205940184512,0.12128019565706617,0.15895153158679243,0.0003820823470271093,-0.000990760126411798,False
982,0.982,c:\Users\User\Desktop\Github\activeVision\data\renders\airplane_demo\motion_sequence\frames\frame_00982.png,0.0,-0.25,1.5,0.0034526764857308718,0.0005186549180878827,0.19782379065643996,0.029716737830139103,0.08024937657072402,-0.12640674487116454,0.12128019565706617,0.15895153158679243,-0.003705781571350262,-0.0028280488854887796,False
983,0.983,c:\Users\User\Desktop\Github\activeVision\data\renders\airplane_demo\motion_sequence\frames\frame_00983.png,0.0,-0.25,1.5,0.0035146304741817953,0.0005515801160926574,0.20137349271868013,0.03160321271544525,0.08162470453621197,-0.1272123595168291,0.12128019565706617,0.15895153158679243,-0.0015314074745980128,-0.0001359593545180867,False
984,0.984,c:\Users\User\Desktop\Github\activeVision\data\renders\airplane_demo\motion_sequence\frames\frame_00984.png,0.0,-0.25,1.5,0.003607034122484223,0.0005588400181138637,0.20666783177802042,0.03201917446093887,0.08067236858581286,-0.12936625706916108,0.12128019565706617,0.15895153158679243,0.004715267535141378,0.0024338999433075204,False
985,0.985,c:\Users\User\Desktop\Github\activeVision\data\renders\airplane_demo\motion_sequence\frames\frame_00985.png,0.0,-0.25,1.5,0.0034875815092327285,0.0005403273302440366,0.1998237011869013,0.030958475578554738,0.08056214194567933,-0.13134747347995884,0.12128019565706617,0.15895153158679243,-0.0020186364158442036,0.0033544174717211575,False
986,0.986,c:\Users\User\Desktop\Github\activeVision\data\renders\airplane_demo\motion_sequence\frames\frame_00986.png,0.0,-0.25,1.5,0.003383339475055832,0.0005455769355374311,0.19385107258070663,0.031259255805975786,0.07695928632347365,-0.12810815437912793,0.12128019565706617,0.15895153158679243,-0.004388409399833183,0.0004158785983112652,False
987,0.987,c:\Users\User\Desktop\Github\activeVision\data\renders\airplane_demo\motion_sequence\frames\frame_00987.png,0.0,-0.25,1.5,0.0034228067332292412,0.000610177130952835,0.19611237990299618,0.03496057435899879,0.07387995897596517,-0.12906245180344267,0.12128019565706617,0.15895153158679243,0.0009522252699648699,0.005071494575649027,False
988,0.988,c:\Users\User\Desktop\Github\activeVision\data\renders\airplane_demo\motion_sequence\frames\frame_00988.png,0.0,-0.25,1.5,0.003216598220929734,0.000512082264424537,0.18429750244856288,0.029340152515028195,0.07192432355627235,-0.1302301161540402,0.12128019565706617,0.15895153158679243,-0.008907016764775606,0.0006187370822759554,False
989,0.989,c:\Users\User\Desktop\Github\activeVision\data\renders\airplane_demo\motion_sequence\frames\frame_00989.png,0.0,-0.25,1.5,0.0032532942891816672,0.00047351068028309934,0.1864000322841227,0.027130163534590076,0.07050172331809669,-0.13014500869594195,0.12128019565706617,0.15895153158679243,-0.005381886691040183,-0.001676359356260398,False
990,0.99,c:\Users\User\Desktop\Github\activeVision\data\renders\airplane_demo\motion_sequence\frames\frame_00990.png,0.0,-0.25,1.5,0.0033585497986427454,0.0003873855066917545,0.19243072874674177,0.022195554577974442,0.07277341509221204,-0.13413121703085043,0.12128019565706617,0.15895153158679243,-0.0016228820025364318,-0.0026247599779675697,False
991,0.991,c:\Users\User\Desktop\Github\activeVision\data\renders\airplane_demo\motion_sequence\frames\frame_00991.png,0.0,-0.25,1.5,0.003308284274062269,0.00039580570982991343,0.18955072633326936,0.02267799668043376,0.07346642593394949,-0.13647115305499993,0.12128019565706617,0.15895153158679243,-0.005195895257746299,0.00019761814864126013,False
992,0.992,c:\Users\User\Desktop\Github\activeVision\data\renders\airplane_demo\motion_sequence\frames\frame_00992.png,0.0,-0.25,1.5,0.0035663012996673027,0.00028486430888350587,0.2043340129429567,0.01632152263293593,0.0761234337788328,-0.13828400178983094,0.12128019565706617,0.15895153158679243,0.006930383507057719,-0.004346007164025558,False
993,0.993,c:\Users\User\Desktop\Github\activeVision\data\renders\airplane_demo\motion_sequence\frames\frame_00993.png,0.0,-0.25,1.5,0.0033760846959717894,0.00023269962692975909,0.19343540435789122,0.01333270651734399,0.07285908021962793,-0.14318282599491666,0.12128019565706617,0.15895153158679243,-0.0007038715188028733,-0.0024359990745317904,False
994,0.994,c:\Users\User\Desktop\Github\activeVision\data\renders\airplane_demo\motion_sequence\frames\frame_00994.png,0.0,-0.25,1.5,0.0034880145197296935,0.0003303430846906769,0.19984851086086225,0.018927264544108504,0.07930915132079386,-0.14571618708178996,0.12128019565706617,0.15895153158679243,-0.0007408361169977505,0.00569192003910603,False
995,0.995,c:\Users\User\Desktop\Github\activeVision\data\renders\airplane_demo\motion_sequence\frames\frame_00995.png,0.0,-0.25,1.5,0.0034361453465604824,0.000231514340524937,0.19687662615143325,0.013264794608833449,0.07788040197947929,-0.14531243461723062,0.12128019565706617,0.15895153158679243,-0.002283971485112212,-0.0003743023607283592,False
996,0.996,c:\Users\User\Desktop\Github\activeVision\data\renders\airplane_demo\motion_sequence\frames\frame_00996.png,0.0,-0.25,1.5,0.0034873352756488196,9.708997767841912e-05,0.19980959304176893,0.005562845953992786,0.07427014657927244,-0.1529838323250432,0.12128019565706617,0.15895153158679243,0.0042592508054303275,-0.0004048533077564412,False
997,0.997,c:\Users\User\Desktop\Github\activeVision\data\renders\airplane_demo\motion_sequence\frames\frame_00997.png,0.0,-0.25,1.5,0.003268674711774782,9.130377892109047e-05,0.18728126558583583,0.005231321185774013,0.07105725556482151,-0.15390573937735924,0.12128019565706617,0.15895153158679243,-0.0050561856360518765,0.00018552897634083193,False
998,0.998,c:\Users\User\Desktop\Github\activeVision\data\renders\airplane_demo\motion_sequence\frames\frame_00998.png,0.0,-0.25,1.5,0.0034608695314265235,9.20426519203152e-05,0.19829321759615862,0.005273655490225763,0.07126381594626462,-0.1512869285859802,0.12128019565706617,0.15895153158679243,0.005749205992827824,-0.002390947510586459,False
999,0.999,c:\Users\User\Desktop\Github\activeVision\data\renders\airplane_demo\motion_sequence\frames\frame_00999.png,0.0,-0.25,1.5,0.0035499456562969253,0.00010232579277904026,0.20339690360661294,0.005862836061569242,0.07334355812529657,-0.14817348463890795,0.12128019565706617,0.15895153158679243,0.008773149824250199,-0.004915210886315239,False
